Workbook
Name _GoBack: Recordings!#REF!

Sheet Recordings
A1: Text | B1: Next | C1: Campaign | D1: Speaker | E1: Subject | F1: Date | G1: Length | H1: Status_Final | I1: Access_audio | J1: Access_transcription | K1: Transcription_progress | L1: Status | M1: Rec. person | N1: transcribed by | O1: transcription checked by | P1: transcription checked by2 | Q1: translated by | R1: translation checked by | S1: glossed by | T1: glossing checked by | U1: Place | V1: Original Recording file | W1: Transcribed Audio-file | X1: Internal Procedural Notes | Y1: Document Type | Z1: Trigger_Warning | AA1: Title
A2: SAU_2022_Speaker10_marriage_1 | B2: SAU_2022_Speaker10_marriage_2 | C2: Saudi Arabia Fieldwork Campaign Gunda Kinzl 2022 | D2: {=_xlfn.TEXTJOIN(", ", TRUE(), _xlfn._xlws.FILTER(Speakers_in_Recordings!$B$2:$B$1502,Speakers_in_Recordings!$A$2:$A$1502=Rcrdngs[[#This Row],[Text]],"[no speaker selected in Speakers_in_Recordings]"))} -> SAU_2022_Speaker10, SAU_2022_Gunda | E2: {=_xlfn.TEXTJOIN(", ", TRUE(), _xlfn._xlws.FILTER(Sbcts_Rcrdngs[Subject],Sbcts_Rcrdngs[Recording]=Rcrdngs[[#This Row],[Text]],"[no subject selected in Subjects_in_Recordings]"))} -> Marriage | F2: 44633 | G2: 01:08 | H2: audio_transcription | I2: restricted | J2: restricted | K2: work in progress | L2: transcribed | M2: Gunda Kinzl | N2: Maria Rebecca Zarb | U2: Ha'il | X2: IMPORTANT: Speaker was ensured that the audio will only be used by the project, therefore it cannot be made public!!! | Y2: Free Speech | AA2: Saudi Arabia 2022 – Speaker 10 – Marriage (Part 1)
A3: SAU_2022_Speaker10_marriage_2 | C3: Saudi Arabia Fieldwork Campaign Gunda Kinzl 2022 | D3: {=_xlfn.TEXTJOIN(", ", TRUE(), _xlfn._xlws.FILTER(Speakers_in_Recordings!$B$2:$B$1502,Speakers_in_Recordings!$A$2:$A$1502=Rcrdngs[[#This Row],[Text]],"[no speaker selected in Speakers_in_Recordings]"))} -> SAU_2022_Speaker10, SAU_2022_Gunda | E3: {=_xlfn.TEXTJOIN(", ", TRUE(), _xlfn._xlws.FILTER(Sbcts_Rcrdngs[Subject],Sbcts_Rcrdngs[Recording]=Rcrdngs[[#This Row],[Text]],"[no subject selected in Subjects_in_Recordings]"))} -> Marriage, Feasts, Funerals | F3: 44605 | G3: 17:50 | H3: audio_transcription | I3: restricted | J3: restricted | K3: work in progress | L3: transcribed | M3: Gunda Kinzl | N3: Maria Rebecca Zarb | U3: Ha'il | X3: note for rebecca: purple means the transcription will be changed to public once corrected, red means it will stay restricted even when corrected due to sensitive info | Y3: Free Speech | AA3: Saudi Arabia 2022 – Speaker 10 – Marriage (Part 2)
A4: SAU_2022_Speaker20_traditionaltools | C4: Saudi Arabia Fieldwork Campaign Gunda Kinzl 2022 | D4: {=_xlfn.TEXTJOIN(", ", TRUE(), _xlfn._xlws.FILTER(Speakers_in_Recordings!$B$2:$B$1502,Speakers_in_Recordings!$A$2:$A$1502=Rcrdngs[[#This Row],[Text]],"[no speaker selected in Speakers_in_Recordings]"))} -> SAU_2022_Speaker20, SAU_2022_Speaker9, SAU_2022_CulturalInformant | E4: {=_xlfn.TEXTJOIN(", ", TRUE(), _xlfn._xlws.FILTER(Sbcts_Rcrdngs[Subject],Sbcts_Rcrdngs[Recording]=Rcrdngs[[#This Row],[Text]],"[no subject selected in Subjects_in_Recordings]"))} -> Tools | F4: 44635 | G4: 10:36 | H4: audio_transcription | I4: public | J4: restricted | K4: work in progress | L4: transcribed | M4: Gunda Kinzl | N4: Maria Rebecca Zarb | Y4: Free Speech | AA4: Saudi Arabia 2022 – Speaker 20 – Traditional Tools
A5: SAU_2022_Speaker20_shepherd | C5: Saudi Arabia Fieldwork Campaign Gunda Kinzl 2022 | D5: {=_xlfn.TEXTJOIN(", ", TRUE(), _xlfn._xlws.FILTER(Speakers_in_Recordings!$B$2:$B$1502,Speakers_in_Recordings!$A$2:$A$1502=Rcrdngs[[#This Row],[Text]],"[no speaker selected in Speakers_in_Recordings]"))} -> SAU_2022_Speaker20 | E5: {=_xlfn.TEXTJOIN(", ", TRUE(), _xlfn._xlws.FILTER(Sbcts_Rcrdngs[Subject],Sbcts_Rcrdngs[Recording]=Rcrdngs[[#This Row],[Text]],"[no subject selected in Subjects_in_Recordings]"))} -> Herding | F5: 44609 | G5: 05:30 | H5: audio_transcription | I5: public | J5: restricted | K5: work in progress | L5: transcribed | M5: Gunda Kinzl | N5: Maria Rebecca Zarb | Y5: Free Speech | AA5: Saudi Arabia 2022 – Speaker 20 – Shepherd
A6: SAU_2022_Speaker20_traditionalaccessories | C6: Saudi Arabia Fieldwork Campaign Gunda Kinzl 2022 | D6: {=_xlfn.TEXTJOIN(", ", TRUE(), _xlfn._xlws.FILTER(Speakers_in_Recordings!$B$2:$B$1502,Speakers_in_Recordings!$A$2:$A$1502=Rcrdngs[[#This Row],[Text]],"[no speaker selected in Speakers_in_Recordings]"))} -> SAU_2022_Speaker20, SAU_2022_Gunda | E6: {=_xlfn.TEXTJOIN(", ", TRUE(), _xlfn._xlws.FILTER(Sbcts_Rcrdngs[Subject],Sbcts_Rcrdngs[Recording]=Rcrdngs[[#This Row],[Text]],"[no subject selected in Subjects_in_Recordings]"))} -> Tribal Traditions | F6: 44635 | G6: 03:55 | H6: audio_transcription | I6: public | J6: restricted | K6: work in progress | L6: transcribed | M6: Gunda Kinzl | N6: Maria Rebecca Zarb | Y6: Free Speech | AA6: Saudi Arabia 2022 – Speaker 20 – Traditional Accessories
A7: SAU_2022_Speaker20_traditionalkitchen | C7: Saudi Arabia Fieldwork Campaign Gunda Kinzl 2022 | D7: {=_xlfn.TEXTJOIN(", ", TRUE(), _xlfn._xlws.FILTER(Speakers_in_Recordings!$B$2:$B$1502,Speakers_in_Recordings!$A$2:$A$1502=Rcrdngs[[#This Row],[Text]],"[no speaker selected in Speakers_in_Recordings]"))} -> SAU_2022_Speaker20, SAU_2022_Gunda, SAU_2022_Speaker9, SAU_2022_CulturalInformant | E7: {=_xlfn.TEXTJOIN(", ", TRUE(), _xlfn._xlws.FILTER(Sbcts_Rcrdngs[Subject],Sbcts_Rcrdngs[Recording]=Rcrdngs[[#This Row],[Text]],"[no subject selected in Subjects_in_Recordings]"))} -> Tribal Traditions | F7: 44635 | G7: 01:50 | H7: audio_transcription | I7: public | J7: restricted | K7: work in progress | L7: transcribed | M7: Gunda Kinzl | N7: Maria Rebecca Zarb | Y7: Free Speech | AA7: Saudi Arabia 2022 – Speaker 20 – Traditional Kitchen
A8: SAU_2022_Speaker20_moretraditionalthings | C8: Saudi Arabia Fieldwork Campaign Gunda Kinzl 2022 | D8: {=_xlfn.TEXTJOIN(", ", TRUE(), _xlfn._xlws.FILTER(Speakers_in_Recordings!$B$2:$B$1502,Speakers_in_Recordings!$A$2:$A$1502=Rcrdngs[[#This Row],[Text]],"[no speaker selected in Speakers_in_Recordings]"))} -> SAU_2022_Speaker20, SAU_2022_Gunda, SAU_2022_Speaker9, SAU_2022_CulturalInformant | E8: {=_xlfn.TEXTJOIN(", ", TRUE(), _xlfn._xlws.FILTER(Sbcts_Rcrdngs[Subject],Sbcts_Rcrdngs[Recording]=Rcrdngs[[#This Row],[Text]],"[no subject selected in Subjects_in_Recordings]"))} -> Tribal Traditions | F8: 44635 | G8: 03:30 | H8: audio_transcription | I8: public | J8: restricted | K8: work in progress | L8: transcribed | M8: Gunda Kinzl | N8: Maria Rebecca Zarb | Y8: Free Speech | AA8: Saudi Arabia 2022 – Speaker 20 – More Traditional Items
A9: SAU_2022_Speaker14_childhood_womenswork | C9: Saudi Arabia Fieldwork Campaign Gunda Kinzl 2022 | D9: {=_xlfn.TEXTJOIN(", ", TRUE(), _xlfn._xlws.FILTER(Speakers_in_Recordings!$B$2:$B$1502,Speakers_in_Recordings!$A$2:$A$1502=Rcrdngs[[#This Row],[Text]],"[no speaker selected in Speakers_in_Recordings]"))} -> SAU_2022_Speaker14, SAU_2022_Gunda | E9: {=_xlfn.TEXTJOIN(", ", TRUE(), _xlfn._xlws.FILTER(Sbcts_Rcrdngs[Subject],Sbcts_Rcrdngs[Recording]=Rcrdngs[[#This Row],[Text]],"[no subject selected in Subjects_in_Recordings]"))} -> Women's work, Childhood | F9: 44638 | G9: 06:46 | H9: audio_transcription | I9: restricted | J9: restricted | K9: work in progress | L9: transcribed | M9: Gunda Kinzl | N9: Maria Rebecca Zarb | U9: Khaybar | Y9: Free Speech | AA9: Saudi Arabia 2022 – Speaker 14 – Childhood; Women’s Work
A10: KUW_2022_Speaker8_neighbourhood | B10: KUW_2022_Speaker8_education | C10: Kuwait Fieldwork Campaign Gunda Kinzl 2022 | D10: {=_xlfn.TEXTJOIN(", ", TRUE(), _xlfn._xlws.FILTER(Speakers_in_Recordings!$B$2:$B$1502,Speakers_in_Recordings!$A$2:$A$1502=Rcrdngs[[#This Row],[Text]],"[no speaker selected in Speakers_in_Recordings]"))} -> KUW_2022_Speaker8, KUW_2022_Speaker6, KUW_2022_Gunda | E10: {=_xlfn.TEXTJOIN(", ", TRUE(), _xlfn._xlws.FILTER(Sbcts_Rcrdngs[Subject],Sbcts_Rcrdngs[Recording]=Rcrdngs[[#This Row],[Text]],"[no subject selected in Subjects_in_Recordings]"))} -> Houses | F10: 44701 | G10: 04:58 | H10: audio_transcription | I10: public | J10: restricted | K10: work in progress | L10: transcribed | M10: Gunda Kinzl | N10: Maria Rebecca Zarb | U10: Kuwait City | X10: I have to see which I want to use for my thesis from this speaker | Y10: Free Speech | AA10: Kuwait 2022 – Speaker 8 – Neighbourhood
A11: KUW_2022_Speaker8_education | B11: KUW_2022_Speaker8_family | C11: Kuwait Fieldwork Campaign Gunda Kinzl 2022 | D11: {=_xlfn.TEXTJOIN(", ", TRUE(), _xlfn._xlws.FILTER(Speakers_in_Recordings!$B$2:$B$1502,Speakers_in_Recordings!$A$2:$A$1502=Rcrdngs[[#This Row],[Text]],"[no speaker selected in Speakers_in_Recordings]"))} -> KUW_2022_Speaker8, KUW_2022_Gunda | E11: {=_xlfn.TEXTJOIN(", ", TRUE(), _xlfn._xlws.FILTER(Sbcts_Rcrdngs[Subject],Sbcts_Rcrdngs[Recording]=Rcrdngs[[#This Row],[Text]],"[no subject selected in Subjects_in_Recordings]"))} -> Education | F11: 44701 | G11: 01:03 | H11: audio_transcription | I11: public | J11: restricted | K11: work in progress | L11: transcribed | M11: Gunda Kinzl | N11: Maria Rebecca Zarb | U11: Kuwait City | Y11: Free Speech | AA11: Kuwait 2022 – Speaker 8 – Education
A12: KUW_2022_Speaker8_family | B12: KUW_2022_Speaker8_wedding | C12: Kuwait Fieldwork Campaign Gunda Kinzl 2022 | D12: {=_xlfn.TEXTJOIN(", ", TRUE(), _xlfn._xlws.FILTER(Speakers_in_Recordings!$B$2:$B$1502,Speakers_in_Recordings!$A$2:$A$1502=Rcrdngs[[#This Row],[Text]],"[no speaker selected in Speakers_in_Recordings]"))} -> KUW_2022_Speaker8, KUW_2022_Gunda | E12: {=_xlfn.TEXTJOIN(", ", TRUE(), _xlfn._xlws.FILTER(Sbcts_Rcrdngs[Subject],Sbcts_Rcrdngs[Recording]=Rcrdngs[[#This Row],[Text]],"[no subject selected in Subjects_in_Recordings]"))} -> Family | F12: 44701 | G12: 03:03 | H12: audio_transcription | I12: public | J12: restricted | K12: work in progress | L12: transcribed | M12: Gunda Kinzl | N12: Maria Rebecca Zarb | U12: Kuwait City | Y12: Free Speech | AA12: Kuwait 2022 – Speaker 8 – Family
A13: KUW_2022_Speaker8_wedding | B13: KUW_2022_Speaker8_lifedevelopments_cooking | C13: Kuwait Fieldwork Campaign Gunda Kinzl 2022 | D13: {=_xlfn.TEXTJOIN(", ", TRUE(), _xlfn._xlws.FILTER(Speakers_in_Recordings!$B$2:$B$1502,Speakers_in_Recordings!$A$2:$A$1502=Rcrdngs[[#This Row],[Text]],"[no speaker selected in Speakers_in_Recordings]"))} -> KUW_2022_Speaker8, KUW_2022_Gunda | E13: {=_xlfn.TEXTJOIN(", ", TRUE(), _xlfn._xlws.FILTER(Sbcts_Rcrdngs[Subject],Sbcts_Rcrdngs[Recording]=Rcrdngs[[#This Row],[Text]],"[no subject selected in Subjects_in_Recordings]"))} -> Marriage | F13: 44701 | G13: 09:52 | H13: audio_transcription | I13: restricted | J13: restricted | K13: work in progress | L13: transcribed | M13: Gunda Kinzl | N13: Maria Rebecca Zarb | U13: Kuwait City | Y13: Free Speech | AA13: Kuwait 2022 – Speaker 8 – Wedding
A14: KUW_2022_Speaker8_lifedevelopments_cooking | C14: Kuwait Fieldwork Campaign Gunda Kinzl 2022 | D14: {=_xlfn.TEXTJOIN(", ", TRUE(), _xlfn._xlws.FILTER(Speakers_in_Recordings!$B$2:$B$1502,Speakers_in_Recordings!$A$2:$A$1502=Rcrdngs[[#This Row],[Text]],"[no speaker selected in Speakers_in_Recordings]"))} -> KUW_2022_Speaker8, KUW_2022_Speaker6, KUW_2022_Gunda | E14: {=_xlfn.TEXTJOIN(", ", TRUE(), _xlfn._xlws.FILTER(Sbcts_Rcrdngs[Subject],Sbcts_Rcrdngs[Recording]=Rcrdngs[[#This Row],[Text]],"[no subject selected in Subjects_in_Recordings]"))} -> Food recipees, Daily life | F14: 44701 | G14: 06:54 | H14: audio_transcription | I14: public | J14: restricted | K14: work in progress | L14: transcribed | M14: Gunda Kinzl | N14: Maria Rebecca Zarb | U14: Kuwait City | Y14: Free Speech | AA14: Kuwait 2022 – Speaker 8 – Life Developments; Cooking
A15: KUW_2022_Speaker8_war_goodandbadexperiences_differenceswithinrashayda | C15: Kuwait Fieldwork Campaign Gunda Kinzl 2022 | D15: {=_xlfn.TEXTJOIN(", ", TRUE(), _xlfn._xlws.FILTER(Speakers_in_Recordings!$B$2:$B$1502,Speakers_in_Recordings!$A$2:$A$1502=Rcrdngs[[#This Row],[Text]],"[no speaker selected in Speakers_in_Recordings]"))} -> KUW_2022_Speaker8, KUW_2022_Gunda | E15: {=_xlfn.TEXTJOIN(", ", TRUE(), _xlfn._xlws.FILTER(Sbcts_Rcrdngs[Subject],Sbcts_Rcrdngs[Recording]=Rcrdngs[[#This Row],[Text]],"[no subject selected in Subjects_in_Recordings]"))} -> Childhood, Family, Migration and diaspora | F15: 44701 | G15: 08:50 | H15: audio_transcription | I15: restricted | J15: restricted | L15: transcribed | M15: Gunda Kinzl | N15: Maria Rebecca Zarb | U15: Kuwait City | Y15: Free Speech | AA15: Kuwait 2022 – Speaker 8 – War: Good/Bad Experiences; Differences within Rashayda
A16: KUW_2022_Speaker8_Elicitations_PictureStories | C16: Kuwait Fieldwork Campaign Gunda Kinzl 2022 | D16: {=_xlfn.TEXTJOIN(", ", TRUE(), _xlfn._xlws.FILTER(Speakers_in_Recordings!$B$2:$B$1502,Speakers_in_Recordings!$A$2:$A$1502=Rcrdngs[[#This Row],[Text]],"[no speaker selected in Speakers_in_Recordings]"))} -> KUW_2022_Speaker8, KUW_2022_Gunda | E16: {=_xlfn.TEXTJOIN(", ", TRUE(), _xlfn._xlws.FILTER(Sbcts_Rcrdngs[Subject],Sbcts_Rcrdngs[Recording]=Rcrdngs[[#This Row],[Text]],"[no subject selected in Subjects_in_Recordings]"))} -> Visual elicitation | F16: 44701 | G16: 05:15 | H16: audio_transcription | I16: public | J16: restricted | K16: work in progress | L16: transcribed | M16: Gunda Kinzl | N16: Maria Rebecca Zarb | U16: Kuwait City | Y16: Elicitation | AA16: Kuwait 2022 – Speaker 8 – Elicitation: Picture Stories
A17: KUW_2022_Speaker8_Elicitations_TopologicalRelations | C17: Kuwait Fieldwork Campaign Gunda Kinzl 2022 | D17: {=_xlfn.TEXTJOIN(", ", TRUE(), _xlfn._xlws.FILTER(Speakers_in_Recordings!$B$2:$B$1502,Speakers_in_Recordings!$A$2:$A$1502=Rcrdngs[[#This Row],[Text]],"[no speaker selected in Speakers_in_Recordings]"))} -> KUW_2022_Speaker8, KUW_2022_Gunda | E17: {=_xlfn.TEXTJOIN(", ", TRUE(), _xlfn._xlws.FILTER(Sbcts_Rcrdngs[Subject],Sbcts_Rcrdngs[Recording]=Rcrdngs[[#This Row],[Text]],"[no subject selected in Subjects_in_Recordings]"))} -> Visual elicitation | F17: 44701 | G17: 09:15 | H17: audio_transcription | I17: public | J17: restricted | K17: work in progress | L17: transcribed | M17: Gunda Kinzl | N17: Maria Rebecca Zarb | U17: Kuwait City | Y17: Elicitation | AA17: Kuwait 2022 – Speaker 8 – Elicitation: Topological Relations
A18: KUW_2022_Speaker8_Elicitations_PictureStories_2 | C18: Kuwait Fieldwork Campaign Gunda Kinzl 2022 | D18: {=_xlfn.TEXTJOIN(", ", TRUE(), _xlfn._xlws.FILTER(Speakers_in_Recordings!$B$2:$B$1502,Speakers_in_Recordings!$A$2:$A$1502=Rcrdngs[[#This Row],[Text]],"[no speaker selected in Speakers_in_Recordings]"))} -> KUW_2022_Speaker8, KUW_2022_Speaker6, KUW_2022_Gunda | E18: {=_xlfn.TEXTJOIN(", ", TRUE(), _xlfn._xlws.FILTER(Sbcts_Rcrdngs[Subject],Sbcts_Rcrdngs[Recording]=Rcrdngs[[#This Row],[Text]],"[no subject selected in Subjects_in_Recordings]"))} -> Visual elicitation | F18: 44701 | G18: 05:00 | H18: audio_transcription | I18: public | J18: restricted | K18: work in progress | L18: transcribed | M18: Gunda Kinzl | N18: Maria Rebecca Zarb | U18: Kuwait City | Y18: Elicitation | AA18: Kuwait 2022 – Speaker 8 – Elicitation: Picture Stories (Part 2)
A19: KUW_2022_Speaker8_coffeetraditions | C19: Kuwait Fieldwork Campaign Gunda Kinzl 2022 | D19: {=_xlfn.TEXTJOIN(", ", TRUE(), _xlfn._xlws.FILTER(Speakers_in_Recordings!$B$2:$B$1502,Speakers_in_Recordings!$A$2:$A$1502=Rcrdngs[[#This Row],[Text]],"[no speaker selected in Speakers_in_Recordings]"))} -> KUW_2022_Speaker8, KUW_2022_Speaker6, KUW_2022_Gunda | E19: {=_xlfn.TEXTJOIN(", ", TRUE(), _xlfn._xlws.FILTER(Sbcts_Rcrdngs[Subject],Sbcts_Rcrdngs[Recording]=Rcrdngs[[#This Row],[Text]],"[no subject selected in Subjects_in_Recordings]"))} -> Coffee | F19: 44701 | G19: 02:30 | H19: audio_transcription | I19: public | J19: restricted | K19: work in progress | L19: transcribed | M19: Gunda Kinzl | N19: Maria Rebecca Zarb | U19: Kuwait City | Y19: Free Speech | AA19: Kuwait 2022 – Speaker 8 – Coffee Traditions
A20: KUW_2022_Speaker8_cooking | C20: Kuwait Fieldwork Campaign Gunda Kinzl 2022 | D20: {=_xlfn.TEXTJOIN(", ", TRUE(), _xlfn._xlws.FILTER(Speakers_in_Recordings!$B$2:$B$1502,Speakers_in_Recordings!$A$2:$A$1502=Rcrdngs[[#This Row],[Text]],"[no speaker selected in Speakers_in_Recordings]"))} -> KUW_2022_Speaker8, KUW_2022_Speaker6, KUW_2022_Gunda | E20: {=_xlfn.TEXTJOIN(", ", TRUE(), _xlfn._xlws.FILTER(Sbcts_Rcrdngs[Subject],Sbcts_Rcrdngs[Recording]=Rcrdngs[[#This Row],[Text]],"[no subject selected in Subjects_in_Recordings]"))} -> Food recipees | F20: 44701 | G20: 00:30 | H20: audio_transcription | I20: public | J20: restricted | K20: work in progress | L20: transcribed | M20: Gunda Kinzl | N20: Maria Rebecca Zarb | U20: Kuwait City | Y20: Free Speech | AA20: Kuwait 2022 – Speaker 8 – Cooking
A21: KUW_2022_Speaker8_traditionalmarket_recipe | C21: Kuwait Fieldwork Campaign Gunda Kinzl 2022 | D21: {=_xlfn.TEXTJOIN(", ", TRUE(), _xlfn._xlws.FILTER(Speakers_in_Recordings!$B$2:$B$1502,Speakers_in_Recordings!$A$2:$A$1502=Rcrdngs[[#This Row],[Text]],"[no speaker selected in Speakers_in_Recordings]"))} -> KUW_2022_Speaker8, KUW_2022_Speaker6, KUW_2022_Gunda | E21: {=_xlfn.TEXTJOIN(", ", TRUE(), _xlfn._xlws.FILTER(Sbcts_Rcrdngs[Subject],Sbcts_Rcrdngs[Recording]=Rcrdngs[[#This Row],[Text]],"[no subject selected in Subjects_in_Recordings]"))} -> Food recipees, Markets and food prices | F21: 44701 | G21: 05:00 | H21: audio_transcription | I21: public | J21: restricted | K21: work in progress | L21: transcribed | M21: Gunda Kinzl | N21: Maria Rebecca Zarb | U21: Kuwait City | Y21: Free Speech | AA21: Kuwait 2022 – Speaker 8 – Traditional Market; Recipe
A22: SAU_2022_Speaker14_houses_education | B22: SAU_2022_Speaker14_education_2 | C22: Saudi Arabia Fieldwork Campaign Gunda Kinzl 2022 | D22: {=_xlfn.TEXTJOIN(", ", TRUE(), _xlfn._xlws.FILTER(Speakers_in_Recordings!$B$2:$B$1502,Speakers_in_Recordings!$A$2:$A$1502=Rcrdngs[[#This Row],[Text]],"[no speaker selected in Speakers_in_Recordings]"))} -> SAU_2022_Speaker14, SAU_2022_Gunda, SAU_2022_SpeakerUnknown | E22: {=_xlfn.TEXTJOIN(", ", TRUE(), _xlfn._xlws.FILTER(Sbcts_Rcrdngs[Subject],Sbcts_Rcrdngs[Recording]=Rcrdngs[[#This Row],[Text]],"[no subject selected in Subjects_in_Recordings]"))} -> Houses, Education | F22: 44638 | G22: 09:58 | H22: audio_transcription | I22: restricted | J22: restricted | K22: work in progress | L22: transcribed | M22: Gunda Kinzl | N22: Maria Rebecca Zarb | U22: Khaybar | X22: This is the first recording of this session | Y22: Free Speech | AA22: Saudi Arabia 2022 – Speaker 14 – Houses; Education
A23: SAU_2022_Speaker14_education_2 | C23: Saudi Arabia Fieldwork Campaign Gunda Kinzl 2022 | D23: {=_xlfn.TEXTJOIN(", ", TRUE(), _xlfn._xlws.FILTER(Speakers_in_Recordings!$B$2:$B$1502,Speakers_in_Recordings!$A$2:$A$1502=Rcrdngs[[#This Row],[Text]],"[no speaker selected in Speakers_in_Recordings]"))} -> SAU_2022_Speaker14, SAU_2022_SpeakerUnknown, SAU_2022_Gunda | E23: {=_xlfn.TEXTJOIN(", ", TRUE(), _xlfn._xlws.FILTER(Sbcts_Rcrdngs[Subject],Sbcts_Rcrdngs[Recording]=Rcrdngs[[#This Row],[Text]],"[no subject selected in Subjects_in_Recordings]"))} -> Education | F23: 44638 | G23: 04:38 | H23: audio_transcription | I23: restricted | J23: restricted | K23: work in progress | L23: transcribed | M23: Gunda Kinzl | N23: Maria Rebecca Zarb | U23: Khaybar | X23: This is continuing with SAU_2022_Speaker14_houses_education | Y23: Free Speech | AA23: Saudi Arabia 2022 – Speaker 14 – Education (Part 2)
A24: SAU_2022_Speaker14_childhood | C24: Saudi Arabia Fieldwork Campaign Gunda Kinzl 2022 | D24: {=_xlfn.TEXTJOIN(", ", TRUE(), _xlfn._xlws.FILTER(Speakers_in_Recordings!$B$2:$B$1502,Speakers_in_Recordings!$A$2:$A$1502=Rcrdngs[[#This Row],[Text]],"[no speaker selected in Speakers_in_Recordings]"))} -> SAU_2022_Speaker14, SAU_2022_Gunda | E24: {=_xlfn.TEXTJOIN(", ", TRUE(), _xlfn._xlws.FILTER(Sbcts_Rcrdngs[Subject],Sbcts_Rcrdngs[Recording]=Rcrdngs[[#This Row],[Text]],"[no subject selected in Subjects_in_Recordings]"))} -> Childhood | F24: 44638 | G24: 04:00 | H24: audio_transcription | I24: restricted | J24: restricted | K24: work in progress | L24: transcribed | M24: Gunda Kinzl | N24: Maria Rebecca Zarb | U24: Khaybar | Y24: Free Speech | AA24: Saudi Arabia 2022 – Speaker 14 – Childhood
A25: SAU_2022_Speaker14_weddings_2 | C25: Saudi Arabia Fieldwork Campaign Gunda Kinzl 2022 | D25: {=_xlfn.TEXTJOIN(", ", TRUE(), _xlfn._xlws.FILTER(Speakers_in_Recordings!$B$2:$B$1502,Speakers_in_Recordings!$A$2:$A$1502=Rcrdngs[[#This Row],[Text]],"[no speaker selected in Speakers_in_Recordings]"))} -> SAU_2022_Speaker14, SAU_2022_SpeakerUnknown, SAU_2022_Gunda | E25: {=_xlfn.TEXTJOIN(", ", TRUE(), _xlfn._xlws.FILTER(Sbcts_Rcrdngs[Subject],Sbcts_Rcrdngs[Recording]=Rcrdngs[[#This Row],[Text]],"[no subject selected in Subjects_in_Recordings]"))} -> Marriage | F25: 44638 | G25: 0:49 | H25: audio_transcription | I25: restricted | J25: restricted | K25: work in progress | L25: transcribed | M25: Gunda Kinzl | N25: Maria Rebecca Zarb | U25: Khaybar | Y25: Free Speech | AA25: Saudi Arabia 2022 – Speaker 14 – Weddings (Part 2)
A26: SAU_2022_Speaker14_weddings_1 | B26: SAU_2022_Speaker14_weddings_2 | C26: Saudi Arabia Fieldwork Campaign Gunda Kinzl 2022 | D26: {=_xlfn.TEXTJOIN(", ", TRUE(), _xlfn._xlws.FILTER(Speakers_in_Recordings!$B$2:$B$1502,Speakers_in_Recordings!$A$2:$A$1502=Rcrdngs[[#This Row],[Text]],"[no speaker selected in Speakers_in_Recordings]"))} -> SAU_2022_Speaker14, SAU_2022_SpeakerUnknown, SAU_2022_Gunda | E26: {=_xlfn.TEXTJOIN(", ", TRUE(), _xlfn._xlws.FILTER(Sbcts_Rcrdngs[Subject],Sbcts_Rcrdngs[Recording]=Rcrdngs[[#This Row],[Text]],"[no subject selected in Subjects_in_Recordings]"))} -> Marriage | F26: 44638 | G26: 05:30 | H26: audio_transcription | I26: restricted | J26: restricted | K26: work in progress | L26: transcribed | M26: Gunda Kinzl | N26: Maria Rebecca Zarb | U26: Khaybar | X26: Actually is a continuation of SAU_2022_Speaker14_education_girls_3_driving, but it is such a change in topic that it does not need to follow it. | Y26: Free Speech | AA26: Saudi Arabia 2022 – Speaker 14 – Weddings (Part 1)
A27: KUW_2022_Speaker12_childhood_1 | B27: KUW_2022_Speaker12_childhood_2 | C27: Kuwait Fieldwork Campaign Gunda Kinzl 2022 | D27: {=_xlfn.TEXTJOIN(", ", TRUE(), _xlfn._xlws.FILTER(Speakers_in_Recordings!$B$2:$B$1502,Speakers_in_Recordings!$A$2:$A$1502=Rcrdngs[[#This Row],[Text]],"[no speaker selected in Speakers_in_Recordings]"))} -> KUW_2022_Speaker12, KUW_2022_Speaker16, KUW_2022_Gunda | E27: {=_xlfn.TEXTJOIN(", ", TRUE(), _xlfn._xlws.FILTER(Sbcts_Rcrdngs[Subject],Sbcts_Rcrdngs[Recording]=Rcrdngs[[#This Row],[Text]],"[no subject selected in Subjects_in_Recordings]"))} -> Childhood | F27: 44702 | G27: 01:13 | H27: audio_transcription | I27: public | J27: restricted | K27: work in progress | L27: transcribed | M27: Gunda Kinzl | N27: Maria Rebecca Zarb | U27: Kuwait City | Y27: Free Speech | AA27: Kuwait 2022 – Speaker 12 – Childhood (Part 1)
A28: KUW_2022_Speaker12_childhood_2 | B28: KUW_2022_Speaker12_childhood_3 | C28: Kuwait Fieldwork Campaign Gunda Kinzl 2022 | D28: {=_xlfn.TEXTJOIN(", ", TRUE(), _xlfn._xlws.FILTER(Speakers_in_Recordings!$B$2:$B$1502,Speakers_in_Recordings!$A$2:$A$1502=Rcrdngs[[#This Row],[Text]],"[no speaker selected in Speakers_in_Recordings]"))} -> KUW_2022_Speaker12, KUW_2022_Speaker16, KUW_2022_Gunda | E28: {=_xlfn.TEXTJOIN(", ", TRUE(), _xlfn._xlws.FILTER(Sbcts_Rcrdngs[Subject],Sbcts_Rcrdngs[Recording]=Rcrdngs[[#This Row],[Text]],"[no subject selected in Subjects_in_Recordings]"))} -> Childhood | F28: 44702 | G28: 01:13 | H28: audio_transcription | I28: public | J28: restricted | K28: work in progress | L28: transcribed | M28: Gunda Kinzl | N28: Maria Rebecca Zarb | U28: Kuwait City | Y28: Free Speech | AA28: Kuwait 2022 – Speaker 12 – Childhood (Part 2)
A29: KUW_2022_Speaker12_childhood_3 | C29: Kuwait Fieldwork Campaign Gunda Kinzl 2022 | D29: {=_xlfn.TEXTJOIN(", ", TRUE(), _xlfn._xlws.FILTER(Speakers_in_Recordings!$B$2:$B$1502,Speakers_in_Recordings!$A$2:$A$1502=Rcrdngs[[#This Row],[Text]],"[no speaker selected in Speakers_in_Recordings]"))} -> KUW_2022_Speaker12, KUW_2022_Speaker16, KUW_2022_Gunda | E29: {=_xlfn.TEXTJOIN(", ", TRUE(), _xlfn._xlws.FILTER(Sbcts_Rcrdngs[Subject],Sbcts_Rcrdngs[Recording]=Rcrdngs[[#This Row],[Text]],"[no subject selected in Subjects_in_Recordings]"))} -> Childhood | F29: 44702 | G29: 0:49 | H29: audio_transcription | I29: public | J29: restricted | K29: work in progress | L29: transcribed | M29: Gunda Kinzl | N29: Maria Rebecca Zarb | U29: Kuwait City | Y29: Free Speech | AA29: Kuwait 2022 – Speaker 12 – Childhood (Part 3)
A30: KUW_2022_Speaker12_childhood_4 | C30: Kuwait Fieldwork Campaign Gunda Kinzl 2022 | D30: {=_xlfn.TEXTJOIN(", ", TRUE(), _xlfn._xlws.FILTER(Speakers_in_Recordings!$B$2:$B$1502,Speakers_in_Recordings!$A$2:$A$1502=Rcrdngs[[#This Row],[Text]],"[no speaker selected in Speakers_in_Recordings]"))} -> KUW_2022_Speaker12, KUW_2022_Speaker16, KUW_2022_Gunda | E30: {=_xlfn.TEXTJOIN(", ", TRUE(), _xlfn._xlws.FILTER(Sbcts_Rcrdngs[Subject],Sbcts_Rcrdngs[Recording]=Rcrdngs[[#This Row],[Text]],"[no subject selected in Subjects_in_Recordings]"))} -> Childhood | F30: 44702 | G30: 02:20 | H30: audio_transcription | I30: public | J30: restricted | K30: work in progress | L30: transcribed | M30: Gunda Kinzl | N30: Maria Rebecca Zarb | U30: Kuwait City | Y30: Free Speech | AA30: Kuwait 2022 – Speaker 12 – Childhood (Part 4)
A31: KUW_2022_Speaker12_childhood_5 | C31: Kuwait Fieldwork Campaign Gunda Kinzl 2022 | D31: {=_xlfn.TEXTJOIN(", ", TRUE(), _xlfn._xlws.FILTER(Speakers_in_Recordings!$B$2:$B$1502,Speakers_in_Recordings!$A$2:$A$1502=Rcrdngs[[#This Row],[Text]],"[no speaker selected in Speakers_in_Recordings]"))} -> KUW_2022_Speaker12, KUW_2022_Speaker16, KUW_2022_Speaker17 | E31: {=_xlfn.TEXTJOIN(", ", TRUE(), _xlfn._xlws.FILTER(Sbcts_Rcrdngs[Subject],Sbcts_Rcrdngs[Recording]=Rcrdngs[[#This Row],[Text]],"[no subject selected in Subjects_in_Recordings]"))} -> Childhood | F31: 44702 | G31: 02:26 | H31: audio_transcription | I31: restricted | J31: restricted | L31: transcribed | M31: Gunda Kinzl | N31: Maria Rebecca Zarb | U31: Kuwait City | Y31: Free Speech | AA31: Kuwait 2022 – Speaker 12 – Childhood (Part 5)
A32: SAU_2022_Speaker14_education_girls_1 | B32: SAU_2022_Speaker14_education_girls_2 | C32: Saudi Arabia Fieldwork Campaign Gunda Kinzl 2022 | D32: {=_xlfn.TEXTJOIN(", ", TRUE(), _xlfn._xlws.FILTER(Speakers_in_Recordings!$B$2:$B$1502,Speakers_in_Recordings!$A$2:$A$1502=Rcrdngs[[#This Row],[Text]],"[no speaker selected in Speakers_in_Recordings]"))} -> SAU_2022_Speaker14, SAU_2022_Gunda | E32: {=_xlfn.TEXTJOIN(", ", TRUE(), _xlfn._xlws.FILTER(Sbcts_Rcrdngs[Subject],Sbcts_Rcrdngs[Recording]=Rcrdngs[[#This Row],[Text]],"[no subject selected in Subjects_in_Recordings]"))} -> Education, Childhood | F32: 44638 | G32: 06:12 | H32: audio_transcription | I32: restricted | J32: restricted | K32: work in progress | L32: transcribed | M32: Gunda Kinzl | N32: Maria Rebecca Zarb | U32: Khaybar | Y32: Free Speech | AA32: Saudi Arabia 2022 – Speaker 14 – Education (Girls) (Part 1)
A33: SAU_2022_Speaker14_education_girls_2 | B33: SAU_2022_Speaker14_education_girls_3_driving | C33: Saudi Arabia Fieldwork Campaign Gunda Kinzl 2022 | D33: {=_xlfn.TEXTJOIN(", ", TRUE(), _xlfn._xlws.FILTER(Speakers_in_Recordings!$B$2:$B$1502,Speakers_in_Recordings!$A$2:$A$1502=Rcrdngs[[#This Row],[Text]],"[no speaker selected in Speakers_in_Recordings]"))} -> SAU_2022_Speaker14, SAU_2022_Gunda | E33: {=_xlfn.TEXTJOIN(", ", TRUE(), _xlfn._xlws.FILTER(Sbcts_Rcrdngs[Subject],Sbcts_Rcrdngs[Recording]=Rcrdngs[[#This Row],[Text]],"[no subject selected in Subjects_in_Recordings]"))} -> Education, Childhood | F33: 44638 | G33: 08:25 | H33: audio_transcription | I33: restricted | J33: restricted | K33: work in progress | L33: transcribed | M33: Gunda Kinzl | N33: Maria Rebecca Zarb | U33: Khaybar | Y33: Free Speech | AA33: Saudi Arabia 2022 – Speaker 14 – Education (Girls) (Part 2)
A34: SAU_2022_Speaker14_education_girls_3_driving | C34: Saudi Arabia Fieldwork Campaign Gunda Kinzl 2022 | D34: {=_xlfn.TEXTJOIN(", ", TRUE(), _xlfn._xlws.FILTER(Speakers_in_Recordings!$B$2:$B$1502,Speakers_in_Recordings!$A$2:$A$1502=Rcrdngs[[#This Row],[Text]],"[no speaker selected in Speakers_in_Recordings]"))} -> SAU_2022_Speaker14, SAU_2022_Gunda | E34: {=_xlfn.TEXTJOIN(", ", TRUE(), _xlfn._xlws.FILTER(Sbcts_Rcrdngs[Subject],Sbcts_Rcrdngs[Recording]=Rcrdngs[[#This Row],[Text]],"[no subject selected in Subjects_in_Recordings]"))} -> Education, Childhood, Driving | F34: 44638 | G34: 05:32 | H34: audio_transcription | I34: restricted | J34: restricted | K34: work in progress | L34: transcribed | M34: Gunda Kinzl | N34: Maria Rebecca Zarb | U34: Khaybar | Y34: Free Speech | AA34: Saudi Arabia 2022 – Speaker 14 – Education (Girls) (Part 3); Driving
A35: SAU_2022_Speaker19_market | C35: Saudi Arabia Fieldwork Campaign Gunda Kinzl 2022 | D35: {=_xlfn.TEXTJOIN(", ", TRUE(), _xlfn._xlws.FILTER(Speakers_in_Recordings!$B$2:$B$1502,Speakers_in_Recordings!$A$2:$A$1502=Rcrdngs[[#This Row],[Text]],"[no speaker selected in Speakers_in_Recordings]"))} -> SAU_2022_Speaker19, SAU_2022_UnknownMarketSeller, SAU_2022_Gunda | E35: {=_xlfn.TEXTJOIN(", ", TRUE(), _xlfn._xlws.FILTER(Sbcts_Rcrdngs[Subject],Sbcts_Rcrdngs[Recording]=Rcrdngs[[#This Row],[Text]],"[no subject selected in Subjects_in_Recordings]"))} -> Markets and food prices | F35: 44638 | G35: 01:47 | H35: audio_transcription | I35: public | J35: restricted | K35: work in progress | L35: transcribed | M35: Gunda Kinzl | N35: Maria Rebecca Zarb | U35: Khaybar | Y35: Free Speech | AA35: Saudi Arabia 2022 – Speaker 19 – Market
A36: SAU_2022_Speaker47_games_pets | C36: Saudi Arabia Fieldwork Campaign Gunda Kinzl 2022 | D36: {=_xlfn.TEXTJOIN(", ", TRUE(), _xlfn._xlws.FILTER(Speakers_in_Recordings!$B$2:$B$1502,Speakers_in_Recordings!$A$2:$A$1502=Rcrdngs[[#This Row],[Text]],"[no speaker selected in Speakers_in_Recordings]"))} -> SAU_2022_Gunda, SAU_2022_Speaker9, SAU_2022_Speaker47, SAU_2022_DaughterofSheikh2, SAU_2022_Speaker34 | E36: {=_xlfn.TEXTJOIN(", ", TRUE(), _xlfn._xlws.FILTER(Sbcts_Rcrdngs[Subject],Sbcts_Rcrdngs[Recording]=Rcrdngs[[#This Row],[Text]],"[no subject selected in Subjects_in_Recordings]"))} -> Childhood, Pets | F36: 44633 | G36: 06:45 | H36: audio_transcription | I36: restricted | J36: restricted | K36: work in progress | L36: transcribed | M36: Gunda Kinzl | N36: Maria Rebecca Zarb | U36: Ha'il | Y36: Free Speech | AA36: Saudi Arabia 2022 – Speaker 47 – Games and Pets
A37: SAU_2022_Speaker37_childhood | B37: SAU_2022_Speaker37_childhood2_marriage | C37: Saudi Arabia Fieldwork Campaign Gunda Kinzl 2022 | D37: {=_xlfn.TEXTJOIN(", ", TRUE(), _xlfn._xlws.FILTER(Speakers_in_Recordings!$B$2:$B$1502,Speakers_in_Recordings!$A$2:$A$1502=Rcrdngs[[#This Row],[Text]],"[no speaker selected in Speakers_in_Recordings]"))} -> SAU_2022_Speaker37, SAU_2022_Speaker23, SAU_2022_Gunda | E37: {=_xlfn.TEXTJOIN(", ", TRUE(), _xlfn._xlws.FILTER(Sbcts_Rcrdngs[Subject],Sbcts_Rcrdngs[Recording]=Rcrdngs[[#This Row],[Text]],"[no subject selected in Subjects_in_Recordings]"))} -> Childhood | F37: 44637 | G37: 07:30 | H37: audio_transcription | I37: restricted | J37: restricted | K37: work in progress | L37: transcribed | M37: Gunda Kinzl | N37: Maria Rebecca Zarb | U37: Khaybar | Y37: Free Speech | AA37: Saudi Arabia 2022 – Speaker 37 – Childhood
A38: SAU_2022_Speaker37_childhood2_marriage | C38: Saudi Arabia Fieldwork Campaign Gunda Kinzl 2022 | D38: {=_xlfn.TEXTJOIN(", ", TRUE(), _xlfn._xlws.FILTER(Speakers_in_Recordings!$B$2:$B$1502,Speakers_in_Recordings!$A$2:$A$1502=Rcrdngs[[#This Row],[Text]],"[no speaker selected in Speakers_in_Recordings]"))} -> SAU_2022_Speaker37, SAU_2022_Speaker23, SAU_2022_Gunda | E38: {=_xlfn.TEXTJOIN(", ", TRUE(), _xlfn._xlws.FILTER(Sbcts_Rcrdngs[Subject],Sbcts_Rcrdngs[Recording]=Rcrdngs[[#This Row],[Text]],"[no subject selected in Subjects_in_Recordings]"))} -> Marriage | F38: 44637 | G38: 07:30 | H38: audio_transcription | I38: restricted | J38: restricted | K38: work in progress | L38: transcribed | M38: Gunda Kinzl | N38: Maria Rebecca Zarb | U38: Khaybar | Y38: Free Speech | AA38: Saudi Arabia 2022 – Speaker 37 – Childhood (2); Marriage
A39: SAU_2022_Speaker37_camel | C39: Saudi Arabia Fieldwork Campaign Gunda Kinzl 2022 | D39: {=_xlfn.TEXTJOIN(", ", TRUE(), _xlfn._xlws.FILTER(Speakers_in_Recordings!$B$2:$B$1502,Speakers_in_Recordings!$A$2:$A$1502=Rcrdngs[[#This Row],[Text]],"[no speaker selected in Speakers_in_Recordings]"))} -> SAU_2022_Speaker37, SAU_2022_Speaker23, SAU_2022_Gunda | E39: {=_xlfn.TEXTJOIN(", ", TRUE(), _xlfn._xlws.FILTER(Sbcts_Rcrdngs[Subject],Sbcts_Rcrdngs[Recording]=Rcrdngs[[#This Row],[Text]],"[no subject selected in Subjects_in_Recordings]"))} -> Herding | F39: 44637 | G39: 02:57 | H39: audio_transcription | I39: restricted | J39: restricted | K39: work in progress | L39: transcribed | M39: Gunda Kinzl | N39: Maria Rebecca Zarb | U39: Khaybar | Y39: Free Speech | AA39: Saudi Arabia 2022 – Speaker 37 – Camel
A40: SAU_2022_Speaker37_food_3eyb_haram | B40: SAU_2022_3eyb_haram_2 | C40: Saudi Arabia Fieldwork Campaign Gunda Kinzl 2022 | D40: {=_xlfn.TEXTJOIN(", ", TRUE(), _xlfn._xlws.FILTER(Speakers_in_Recordings!$B$2:$B$1502,Speakers_in_Recordings!$A$2:$A$1502=Rcrdngs[[#This Row],[Text]],"[no speaker selected in Speakers_in_Recordings]"))} -> SAU_2022_Speaker37, SAU_2022_Speaker23, SAU_2022_Gunda | E40: {=_xlfn.TEXTJOIN(", ", TRUE(), _xlfn._xlws.FILTER(Sbcts_Rcrdngs[Subject],Sbcts_Rcrdngs[Recording]=Rcrdngs[[#This Row],[Text]],"[no subject selected in Subjects_in_Recordings]"))} -> Concept of 3eyb and Haram | F40: 44637 | G40: 02:47 | H40: audio_transcription | I40: restricted | J40: restricted | K40: work in progress | L40: transcribed | M40: Gunda Kinzl | N40: Maria Rebecca Zarb | U40: Khaybar | Y40: Free Speech | AA40: Saudi Arabia 2022 – Speaker 37 – Food; Ayb and Haram
A41: SAU_2022_Speaker37_3eyb_haram_2 | C41: Saudi Arabia Fieldwork Campaign Gunda Kinzl 2022 | D41: {=_xlfn.TEXTJOIN(", ", TRUE(), _xlfn._xlws.FILTER(Speakers_in_Recordings!$B$2:$B$1502,Speakers_in_Recordings!$A$2:$A$1502=Rcrdngs[[#This Row],[Text]],"[no speaker selected in Speakers_in_Recordings]"))} -> SAU_2022_Speaker37, SAU_2022_Speaker23, SAU_2022_Gunda | E41: {=_xlfn.TEXTJOIN(", ", TRUE(), _xlfn._xlws.FILTER(Sbcts_Rcrdngs[Subject],Sbcts_Rcrdngs[Recording]=Rcrdngs[[#This Row],[Text]],"[no subject selected in Subjects_in_Recordings]"))} -> Concept of 3eyb and Haram | F41: 44637 | G41: 03:20 | H41: audio_transcription | I41: restricted | J41: restricted | K41: work in progress | L41: transcribed | M41: Gunda Kinzl | N41: Maria Rebecca Zarb | U41: Khaybar | Y41: Free Speech | AA41: Saudi Arabia 2022 – Speaker 37 – Ayb and Haram (Part 2)
A42: SAU_2022_Speaker37_henna | C42: Saudi Arabia Fieldwork Campaign Gunda Kinzl 2022 | D42: {=_xlfn.TEXTJOIN(", ", TRUE(), _xlfn._xlws.FILTER(Speakers_in_Recordings!$B$2:$B$1502,Speakers_in_Recordings!$A$2:$A$1502=Rcrdngs[[#This Row],[Text]],"[no speaker selected in Speakers_in_Recordings]"))} -> SAU_2022_Speaker37, SAU_2022_Speaker23, SAU_2022_Gunda | E42: {=_xlfn.TEXTJOIN(", ", TRUE(), _xlfn._xlws.FILTER(Sbcts_Rcrdngs[Subject],Sbcts_Rcrdngs[Recording]=Rcrdngs[[#This Row],[Text]],"[no subject selected in Subjects_in_Recordings]"))} -> Henna | F42: 44637 | G42: 01:25 | H42: audio_transcription | I42: restricted | J42: restricted | K42: work in progress | L42: transcribed | M42: Gunda Kinzl | N42: Maria Rebecca Zarb | U42: Khaybar | Y42: Free Speech | AA42: Saudi Arabia 2022 – Speaker 37 – Henna
A43: SAU_2022_Speaker14_Weaving_1 | C43: Saudi Arabia Fieldwork Campaign Gunda Kinzl 2022 | D43: {=_xlfn.TEXTJOIN(", ", TRUE(), _xlfn._xlws.FILTER(Speakers_in_Recordings!$B$2:$B$1502,Speakers_in_Recordings!$A$2:$A$1502=Rcrdngs[[#This Row],[Text]],"[no speaker selected in Speakers_in_Recordings]"))} -> SAU_2022_Gunda, SAU_2022_Speaker14, SAU_2022_Speaker16, SAU_2022_Weaver1 | E43: {=_xlfn.TEXTJOIN(", ", TRUE(), _xlfn._xlws.FILTER(Sbcts_Rcrdngs[Subject],Sbcts_Rcrdngs[Recording]=Rcrdngs[[#This Row],[Text]],"[no subject selected in Subjects_in_Recordings]"))} -> Weaving | F43: 44636 | G43: 05:00 | H43: audio_transcription | I43: restricted | J43: restricted | K43: work in progress | L43: transcribed | M43: Gunda Kinzl | N43: Maria Rebecca Zarb | U43: Khaybar | Y43: Free Speech | AA43: Saudi Arabia 2022 – Speaker 14 – Weaving (Part 1)
A44: SAU_2022_Speaker14_Weaving_weddings | C44: Saudi Arabia Fieldwork Campaign Gunda Kinzl 2022 | D44: {=_xlfn.TEXTJOIN(", ", TRUE(), _xlfn._xlws.FILTER(Speakers_in_Recordings!$B$2:$B$1502,Speakers_in_Recordings!$A$2:$A$1502=Rcrdngs[[#This Row],[Text]],"[no speaker selected in Speakers_in_Recordings]"))} -> SAU_2022_Gunda, SAU_2022_Speaker14, SAU_2022_Speaker16, SAU_2022_Weaver1, SAU_2022_Weaver2 | E44: {=_xlfn.TEXTJOIN(", ", TRUE(), _xlfn._xlws.FILTER(Sbcts_Rcrdngs[Subject],Sbcts_Rcrdngs[Recording]=Rcrdngs[[#This Row],[Text]],"[no subject selected in Subjects_in_Recordings]"))} -> Marriage, Tribal Traditions | F44: 44636 | G44: 04:14 | H44: audio_transcription | I44: restricted | J44: restricted | K44: work in progress | L44: transcribed | M44: Gunda Kinzl | N44: Maria Rebecca Zarb | U44: Khaybar | Y44: Free Speech | AA44: Saudi Arabia 2022 – Speaker 14 – Weaving; Weddings
A45: KUW_2022_Speaker10_Questionnaire_1 | B45: KUW_2022_Speaker10_Questionnaire_2 | C45: Kuwait Fieldwork Campaign Gunda Kinzl 2022 | D45: {=_xlfn.TEXTJOIN(", ", TRUE(), _xlfn._xlws.FILTER(Speakers_in_Recordings!$B$2:$B$1502,Speakers_in_Recordings!$A$2:$A$1502=Rcrdngs[[#This Row],[Text]],"[no speaker selected in Speakers_in_Recordings]"))} -> KUW_2022_Speaker10, KUW_2022_UnknownMan1withSpeaker10, KUW_2022_UnknownMan2withSpeaker10, KUW_2022_Gunda | E45: {=_xlfn.TEXTJOIN(", ", TRUE(), _xlfn._xlws.FILTER(Sbcts_Rcrdngs[Subject],Sbcts_Rcrdngs[Recording]=Rcrdngs[[#This Row],[Text]],"[no subject selected in Subjects_in_Recordings]"))} -> Questionnaire | F45: 44696 | G45: 0.72013889 | H45: audio_transcription | I45: restricted | J45: restricted | K45: work in progress | L45: transcribed | M45: Gunda Kinzl | N45: Maria Rebecca Zarb | U45: Kuwait City | Y45: WIBARAB Questionnaire | AA45: Kuwait 2022 – Speaker 10 – Questionnaire (Part 1)
A46: KUW_2022_Speaker10_Questionnaire_2 | B46: KUW_2022_Speaker10_Questionnaire_3 | C46: Kuwait Fieldwork Campaign Gunda Kinzl 2022 | D46: {=_xlfn.TEXTJOIN(", ", TRUE(), _xlfn._xlws.FILTER(Speakers_in_Recordings!$B$2:$B$1502,Speakers_in_Recordings!$A$2:$A$1502=Rcrdngs[[#This Row],[Text]],"[no speaker selected in Speakers_in_Recordings]"))} -> KUW_2022_Speaker10, KUW_2022_UnknownMan1withSpeaker10, KUW_2022_UnknownMan2withSpeaker10 | E46: {=_xlfn.TEXTJOIN(", ", TRUE(), _xlfn._xlws.FILTER(Sbcts_Rcrdngs[Subject],Sbcts_Rcrdngs[Recording]=Rcrdngs[[#This Row],[Text]],"[no subject selected in Subjects_in_Recordings]"))} -> Childhood, Marriage, Questionnaire | F46: 44696 | G46: 0.57013889 | H46: audio_transcription | I46: restricted | J46: restricted | K46: work in progress | L46: transcribed | M46: Gunda Kinzl | N46: Maria Rebecca Zarb | U46: Kuwait City | Y46: WIBARAB Questionnaire | AA46: Kuwait 2022 – Speaker 10 – Questionnaire (Part 2)
A47: KUW_2022_Speaker10_Questionnaire_3 | B47: KUW_2022_Speaker10_Questionnaire_5 | C47: Kuwait Fieldwork Campaign Gunda Kinzl 2022 | D47: {=_xlfn.TEXTJOIN(", ", TRUE(), _xlfn._xlws.FILTER(Speakers_in_Recordings!$B$2:$B$1502,Speakers_in_Recordings!$A$2:$A$1502=Rcrdngs[[#This Row],[Text]],"[no speaker selected in Speakers_in_Recordings]"))} -> KUW_2022_Speaker10, KUW_2022_UnknownMan1withSpeaker10, KUW_2022_UnknownMan2withSpeaker10, KUW_2022_Gunda | E47: {=_xlfn.TEXTJOIN(", ", TRUE(), _xlfn._xlws.FILTER(Sbcts_Rcrdngs[Subject],Sbcts_Rcrdngs[Recording]=Rcrdngs[[#This Row],[Text]],"[no subject selected in Subjects_in_Recordings]"))} -> Questionnaire | F47: 44696 | G47: 0.64583333 | H47: audio_transcription | I47: restricted | J47: restricted | K47: work in progress | L47: transcribed | M47: Gunda Kinzl | N47: Maria Rebecca Zarb | U47: Kuwait City | Y47: WIBARAB Questionnaire | AA47: Kuwait 2022 – Speaker 10 – Questionnaire (Part 3)
A48: KUW_2022_Speaker10_Questionnaire_5 | C48: Kuwait Fieldwork Campaign Gunda Kinzl 2022 | D48: {=_xlfn.TEXTJOIN(", ", TRUE(), _xlfn._xlws.FILTER(Speakers_in_Recordings!$B$2:$B$1502,Speakers_in_Recordings!$A$2:$A$1502=Rcrdngs[[#This Row],[Text]],"[no speaker selected in Speakers_in_Recordings]"))} -> KUW_2022_Speaker10, KUW_2022_UnknownMan1withSpeaker10, KUW_2022_UnknownMan2withSpeaker10 | E48: {=_xlfn.TEXTJOIN(", ", TRUE(), _xlfn._xlws.FILTER(Sbcts_Rcrdngs[Subject],Sbcts_Rcrdngs[Recording]=Rcrdngs[[#This Row],[Text]],"[no subject selected in Subjects_in_Recordings]"))} -> Questionnaire | F48: 44696 | G48: 0.85138889 | H48: audio_transcription | I48: restricted | J48: restricted | K48: work in progress | L48: transcribed | M48: Gunda Kinzl | N48: Maria Rebecca Zarb | U48: Kuwait City | Y48: WIBARAB Questionnaire | AA48: Kuwait 2022 – Speaker 10 – Questionnaire (Part 5)
A49: Questionnaire_KUW_2022_Speaker3_Speaker6_Speaker11_1 | B49: Questionnaire_KUW_2022_Speaker3_Speaker6_1 | C49: Kuwait Fieldwork Campaign Gunda Kinzl 2022 | D49: {=_xlfn.TEXTJOIN(", ", TRUE(), _xlfn._xlws.FILTER(Speakers_in_Recordings!$B$2:$B$1502,Speakers_in_Recordings!$A$2:$A$1502=Rcrdngs[[#This Row],[Text]],"[no speaker selected in Speakers_in_Recordings]"))} -> KUW_2022_Speaker3, KUW_2022_Speaker6, KUW_2022_Speaker11, KUW_2022_Gunda | E49: {=_xlfn.TEXTJOIN(", ", TRUE(), _xlfn._xlws.FILTER(Sbcts_Rcrdngs[Subject],Sbcts_Rcrdngs[Recording]=Rcrdngs[[#This Row],[Text]],"[no subject selected in Subjects_in_Recordings]"))} -> Questionnaire | F49: 44691 | G49: 40:10 | H49: audio_transcription | I49: public | J49: restricted | K49: work in progress | L49: transcribed | M49: Gunda Kinzl | N49: Maria Rebecca Zarb | U49: Kuwait City | Y49: WIBARAB Questionnaire | AA49: Kuwait 2022 – Questionnaire – Speakers 3, 6 and 11 (Part 1)
A50: Questionnaire_KUW_2022_Speaker3_Speaker6_1 | B50: Questionnaire_KUW_2022_Speaker3_Speaker6_2 | C50: Kuwait Fieldwork Campaign Gunda Kinzl 2022 | D50: {=_xlfn.TEXTJOIN(", ", TRUE(), _xlfn._xlws.FILTER(Speakers_in_Recordings!$B$2:$B$1502,Speakers_in_Recordings!$A$2:$A$1502=Rcrdngs[[#This Row],[Text]],"[no speaker selected in Speakers_in_Recordings]"))} -> KUW_2022_Speaker3, KUW_2022_Speaker6, KUW_2022_Gunda | E50: {=_xlfn.TEXTJOIN(", ", TRUE(), _xlfn._xlws.FILTER(Sbcts_Rcrdngs[Subject],Sbcts_Rcrdngs[Recording]=Rcrdngs[[#This Row],[Text]],"[no subject selected in Subjects_in_Recordings]"))} -> Questionnaire | F50: 44691 | G50: 00:59 | H50: audio_transcription | I50: public | J50: restricted | K50: work in progress | L50: transcribed | M50: Gunda Kinzl | N50: Maria Rebecca Zarb | U50: Kuwait City | Y50: WIBARAB Questionnaire | AA50: Kuwait 2022 – Questionnaire – Speakers 3 and 6 (Part 1)
A51: Questionnaire_KUW_2022_Speaker3_Speaker6_2 | B51: Questionnaire_KUW_2022_Speaker3_Speaker6_3 | C51: Kuwait Fieldwork Campaign Gunda Kinzl 2022 | D51: {=_xlfn.TEXTJOIN(", ", TRUE(), _xlfn._xlws.FILTER(Speakers_in_Recordings!$B$2:$B$1502,Speakers_in_Recordings!$A$2:$A$1502=Rcrdngs[[#This Row],[Text]],"[no speaker selected in Speakers_in_Recordings]"))} -> KUW_2022_Speaker3, KUW_2022_Speaker6, KUW_2022_Gunda | E51: {=_xlfn.TEXTJOIN(", ", TRUE(), _xlfn._xlws.FILTER(Sbcts_Rcrdngs[Subject],Sbcts_Rcrdngs[Recording]=Rcrdngs[[#This Row],[Text]],"[no subject selected in Subjects_in_Recordings]"))} -> Questionnaire | F51: 44691 | G51: 00:24 | H51: audio_transcription | I51: public | J51: restricted | K51: work in progress | L51: transcribed | M51: Gunda Kinzl | N51: Maria Rebecca Zarb | U51: Kuwait City | Y51: WIBARAB Questionnaire | AA51: Kuwait 2022 – Questionnaire – Speakers 3 and 6 (Part 2)
A52: Questionnaire_KUW_2022_Speaker3_Speaker6_3 | B52: Questionnaire_KUW_2022_Speaker3_Speaker6_4 | C52: Kuwait Fieldwork Campaign Gunda Kinzl 2022 | D52: {=_xlfn.TEXTJOIN(", ", TRUE(), _xlfn._xlws.FILTER(Speakers_in_Recordings!$B$2:$B$1502,Speakers_in_Recordings!$A$2:$A$1502=Rcrdngs[[#This Row],[Text]],"[no speaker selected in Speakers_in_Recordings]"))} -> KUW_2022_Speaker3, KUW_2022_Speaker6, KUW_2022_Gunda | E52: {=_xlfn.TEXTJOIN(", ", TRUE(), _xlfn._xlws.FILTER(Sbcts_Rcrdngs[Subject],Sbcts_Rcrdngs[Recording]=Rcrdngs[[#This Row],[Text]],"[no subject selected in Subjects_in_Recordings]"))} -> Questionnaire | F52: 44691 | G52: 08:24 | H52: audio_transcription | I52: public | J52: restricted | K52: work in progress | L52: transcribed | M52: Gunda Kinzl | N52: Maria Rebecca Zarb | U52: Kuwait City | Y52: WIBARAB Questionnaire | AA52: Kuwait 2022 – Questionnaire – Speakers 3 and 6 (Part 3)
A53: Questionnaire_KUW_2022_Speaker3_Speaker6_4 | B53: Questionnaire_KUW_2022_Speaker6_alone_1 | C53: Kuwait Fieldwork Campaign Gunda Kinzl 2022 | D53: {=_xlfn.TEXTJOIN(", ", TRUE(), _xlfn._xlws.FILTER(Speakers_in_Recordings!$B$2:$B$1502,Speakers_in_Recordings!$A$2:$A$1502=Rcrdngs[[#This Row],[Text]],"[no speaker selected in Speakers_in_Recordings]"))} -> KUW_2022_Speaker3, KUW_2022_Speaker6, KUW_2022_Gunda | E53: {=_xlfn.TEXTJOIN(", ", TRUE(), _xlfn._xlws.FILTER(Sbcts_Rcrdngs[Subject],Sbcts_Rcrdngs[Recording]=Rcrdngs[[#This Row],[Text]],"[no subject selected in Subjects_in_Recordings]"))} -> Questionnaire | F53: 44691 | G53: 02:40 | H53: audio_transcription | I53: public | J53: restricted | K53: work in progress | L53: transcribed | M53: Gunda Kinzl | N53: Maria Rebecca Zarb | U53: Kuwait City | Y53: WIBARAB Questionnaire | AA53: Kuwait 2022 – Questionnaire – Speakers 3 and 6 (Part 4)
A54: Questionnaire_KUW_2022_Speaker6_alone_1 | B54: Questionnaire_KUW_2022_Speaker3_alone_1 | C54: Kuwait Fieldwork Campaign Gunda Kinzl 2022 | D54: {=_xlfn.TEXTJOIN(", ", TRUE(), _xlfn._xlws.FILTER(Speakers_in_Recordings!$B$2:$B$1502,Speakers_in_Recordings!$A$2:$A$1502=Rcrdngs[[#This Row],[Text]],"[no speaker selected in Speakers_in_Recordings]"))} -> KUW_2022_Speaker6, KUW_2022_Gunda | E54: {=_xlfn.TEXTJOIN(", ", TRUE(), _xlfn._xlws.FILTER(Sbcts_Rcrdngs[Subject],Sbcts_Rcrdngs[Recording]=Rcrdngs[[#This Row],[Text]],"[no subject selected in Subjects_in_Recordings]"))} -> Questionnaire | F54: 44691 | G54: 05:25 | H54: audio_transcription | I54: public | J54: restricted | K54: work in progress | L54: transcribed | M54: Gunda Kinzl | N54: Maria Rebecca Zarb | U54: Kuwait City | Y54: WIBARAB Questionnaire | AA54: Kuwait 2022 – Questionnaire – Speaker 6 (Alone) (Part 1)
A55: Questionnaire_KUW_2022_Speaker3_alone_1 | B55: Questionnaire_KUW_2022_Speaker11_alone_1 | C55: Kuwait Fieldwork Campaign Gunda Kinzl 2022 | D55: {=_xlfn.TEXTJOIN(", ", TRUE(), _xlfn._xlws.FILTER(Speakers_in_Recordings!$B$2:$B$1502,Speakers_in_Recordings!$A$2:$A$1502=Rcrdngs[[#This Row],[Text]],"[no speaker selected in Speakers_in_Recordings]"))} -> KUW_2022_Speaker3, KUW_2022_Gunda | E55: {=_xlfn.TEXTJOIN(", ", TRUE(), _xlfn._xlws.FILTER(Sbcts_Rcrdngs[Subject],Sbcts_Rcrdngs[Recording]=Rcrdngs[[#This Row],[Text]],"[no subject selected in Subjects_in_Recordings]"))} -> Questionnaire | F55: 44691 | G55: 07:00 | H55: audio_transcription | I55: public | J55: restricted | K55: work in progress | L55: transcribed | M55: Gunda Kinzl | N55: Maria Rebecca Zarb | U55: Kuwait City | Y55: WIBARAB Questionnaire | AA55: Kuwait 2022 – Questionnaire – Speaker 3 (Alone) (Part 1)
A56: Questionnaire_KUW_2022_Speaker11_alone_1 | B56: Questionnaire_KUW_2022_Speaker11_alone_2 | C56: Kuwait Fieldwork Campaign Gunda Kinzl 2022 | D56: {=_xlfn.TEXTJOIN(", ", TRUE(), _xlfn._xlws.FILTER(Speakers_in_Recordings!$B$2:$B$1502,Speakers_in_Recordings!$A$2:$A$1502=Rcrdngs[[#This Row],[Text]],"[no speaker selected in Speakers_in_Recordings]"))} -> KUW_2022_Speaker11, KUW_2022_Gunda | E56: {=_xlfn.TEXTJOIN(", ", TRUE(), _xlfn._xlws.FILTER(Sbcts_Rcrdngs[Subject],Sbcts_Rcrdngs[Recording]=Rcrdngs[[#This Row],[Text]],"[no subject selected in Subjects_in_Recordings]"))} -> Questionnaire | F56: 44692 | G56: 10:15 | H56: audio_transcription | I56: public | J56: restricted | K56: work in progress | L56: transcribed | M56: Gunda Kinzl | N56: Maria Rebecca Zarb | U56: Kuwait City | Y56: WIBARAB Questionnaire | AA56: Kuwait 2022 – Questionnaire – Speaker 11 (Alone) (Part 1)
A57: Questionnaire_KUW_2022_Speaker11_alone_2 | C57: Kuwait Fieldwork Campaign Gunda Kinzl 2022 | D57: {=_xlfn.TEXTJOIN(", ", TRUE(), _xlfn._xlws.FILTER(Speakers_in_Recordings!$B$2:$B$1502,Speakers_in_Recordings!$A$2:$A$1502=Rcrdngs[[#This Row],[Text]],"[no speaker selected in Speakers_in_Recordings]"))} -> KUW_2022_Speaker11, KUW_2022_Gunda | E57: {=_xlfn.TEXTJOIN(", ", TRUE(), _xlfn._xlws.FILTER(Sbcts_Rcrdngs[Subject],Sbcts_Rcrdngs[Recording]=Rcrdngs[[#This Row],[Text]],"[no subject selected in Subjects_in_Recordings]"))} -> Questionnaire | F57: 44692 | G57: 04:29 | H57: audio_transcription | I57: public | J57: restricted | K57: work in progress | L57: transcribed | M57: Gunda Kinzl | N57: Maria Rebecca Zarb | U57: Kuwait City | Y57: WIBARAB Questionnaire | AA57: Kuwait 2022 – Questionnaire – Speaker 11 (Alone) (Part 2)
A58: KUW_2022_Speaker13_ConversationXrenig_1_1 | B58: KUW_2022_Speaker13_ConversationXrenig_1_2_childhood_slaves | C58: Kuwait Fieldwork Campaign Gunda Kinzl 2022 | D58: {=_xlfn.TEXTJOIN(", ", TRUE(), _xlfn._xlws.FILTER(Speakers_in_Recordings!$B$2:$B$1502,Speakers_in_Recordings!$A$2:$A$1502=Rcrdngs[[#This Row],[Text]],"[no speaker selected in Speakers_in_Recordings]"))} -> KUW_2022_Speaker13, KUW_2022_Speaker14, KUW_2022_Gunda, KUW_2022_Inas | E58: {=_xlfn.TEXTJOIN(", ", TRUE(), _xlfn._xlws.FILTER(Sbcts_Rcrdngs[Subject],Sbcts_Rcrdngs[Recording]=Rcrdngs[[#This Row],[Text]],"[no subject selected in Subjects_in_Recordings]"))} -> Childhood, Language and identity | F58: 44661 | G58: 07:10 | H58: audio_transcription | I58: restricted | J58: restricted | K58: work in progress | L58: transcribed | M58: Gunda Kinzl | N58: Maria Rebecca Zarb | U58: Kuwait City | Y58: Free Speech | AA58: Kuwait 2022 – Speaker 13 – Conversation (Xrenig) 1.1
A59: KUW_2022_Speaker13_ConversationXrenig_1_2_childhood_slaves | B59: KUW_2022_Speaker13_ConversationXrenig_1_3_slaves_2 | C59: Kuwait Fieldwork Campaign Gunda Kinzl 2022 | D59: {=_xlfn.TEXTJOIN(", ", TRUE(), _xlfn._xlws.FILTER(Speakers_in_Recordings!$B$2:$B$1502,Speakers_in_Recordings!$A$2:$A$1502=Rcrdngs[[#This Row],[Text]],"[no speaker selected in Speakers_in_Recordings]"))} -> KUW_2022_Speaker13, KUW_2022_Speaker14, KUW_2022_Gunda, KUW_2022_Inas | E59: {=_xlfn.TEXTJOIN(", ", TRUE(), _xlfn._xlws.FILTER(Sbcts_Rcrdngs[Subject],Sbcts_Rcrdngs[Recording]=Rcrdngs[[#This Row],[Text]],"[no subject selected in Subjects_in_Recordings]"))} -> Childhood, Slavery | F59: 44661 | G59: 06:15 | H59: audio_transcription | I59: restricted | J59: restricted | K59: work in progress | L59: transcribed | M59: Gunda Kinzl | N59: Maria Rebecca Zarb | U59: Kuwait City | Y59: Free Speech | AA59: Kuwait 2022 – Speaker 13 – Conversation (Xrenig) 1.2 – Childhood; Slaves
A60: KUW_2022_Speaker13_ConversationXrenig_1_3_slaves_2 | B60: KUW_2022_Speaker13_ConversationXrenig_1_4_littleboy_nopublish | C60: Kuwait Fieldwork Campaign Gunda Kinzl 2022 | D60: {=_xlfn.TEXTJOIN(", ", TRUE(), _xlfn._xlws.FILTER(Speakers_in_Recordings!$B$2:$B$1502,Speakers_in_Recordings!$A$2:$A$1502=Rcrdngs[[#This Row],[Text]],"[no speaker selected in Speakers_in_Recordings]"))} -> KUW_2022_Speaker13, KUW_2022_Speaker14, KUW_2022_Gunda | E60: {=_xlfn.TEXTJOIN(", ", TRUE(), _xlfn._xlws.FILTER(Sbcts_Rcrdngs[Subject],Sbcts_Rcrdngs[Recording]=Rcrdngs[[#This Row],[Text]],"[no subject selected in Subjects_in_Recordings]"))} -> Slavery | F60: 44661 | G60: 00:44 | H60: audio_transcription | I60: restricted | J60: restricted | K60: work in progress | L60: transcribed | M60: Gunda Kinzl | N60: Maria Rebecca Zarb | U60: Kuwait City | Y60: Free Speech | AA60: Kuwait 2022 – Speaker 13 – Conversation (Xrenig) 1.3 – Slaves (Part 2)
A61: KUW_2022_Speaker13_ConversationXrenig_1_5_xrenig_weddingtraditions | B61: KUW_2022_Speaker13_ConversationXrenig_1_6_racism_dialects | C61: Kuwait Fieldwork Campaign Gunda Kinzl 2022 | D61: {=_xlfn.TEXTJOIN(", ", TRUE(), _xlfn._xlws.FILTER(Speakers_in_Recordings!$B$2:$B$1502,Speakers_in_Recordings!$A$2:$A$1502=Rcrdngs[[#This Row],[Text]],"[no speaker selected in Speakers_in_Recordings]"))} -> KUW_2022_Speaker13, KUW_2022_Speaker14, KUW_2022_Gunda, KUW_2022_Inas | E61: {=_xlfn.TEXTJOIN(", ", TRUE(), _xlfn._xlws.FILTER(Sbcts_Rcrdngs[Subject],Sbcts_Rcrdngs[Recording]=Rcrdngs[[#This Row],[Text]],"[no subject selected in Subjects_in_Recordings]"))} -> Tribal History, History general, Marriage | F61: 44661 | G61: 07:00 | H61: audio_transcription | I61: restricted | J61: restricted | K61: work in progress | L61: transcribed | M61: Gunda Kinzl | N61: Maria Rebecca Zarb | U61: Kuwait City | Y61: Free Speech | AA61: Kuwait 2022 – Speaker 13 – Conversation (Xrenig) 1.5 – Wedding Traditions
A62: KUW_2022_Speaker13_ConversationXrenig_1_6_racism_dialects | B62: KUW_2022_Speaker13_ConversationXrenig_1_7_mothers_secretlanguage | C62: Kuwait Fieldwork Campaign Gunda Kinzl 2022 | D62: {=_xlfn.TEXTJOIN(", ", TRUE(), _xlfn._xlws.FILTER(Speakers_in_Recordings!$B$2:$B$1502,Speakers_in_Recordings!$A$2:$A$1502=Rcrdngs[[#This Row],[Text]],"[no speaker selected in Speakers_in_Recordings]"))} -> KUW_2022_Speaker13, KUW_2022_Speaker14, KUW_2022_Inas | E62: {=_xlfn.TEXTJOIN(", ", TRUE(), _xlfn._xlws.FILTER(Sbcts_Rcrdngs[Subject],Sbcts_Rcrdngs[Recording]=Rcrdngs[[#This Row],[Text]],"[no subject selected in Subjects_in_Recordings]"))} -> Language and identity, Racism | F62: 44661 | G62: 07:21 | H62: audio_transcription | I62: restricted | J62: restricted | K62: work in progress | L62: transcribed | M62: Gunda Kinzl | N62: Maria Rebecca Zarb | U62: Kuwait City | Y62: Free Speech | AA62: Kuwait 2022 – Speaker 13 – Conversation (Xrenig) 1.6 – Racism; Dialects
A63: KUW_2022_Speaker13_ConversationXrenig_1_7_mothers_secretlanguage | B63: KUW_2022_Speaker13_ConversationXrenig_1_8_henna | C63: Kuwait Fieldwork Campaign Gunda Kinzl 2022 | D63: {=_xlfn.TEXTJOIN(", ", TRUE(), _xlfn._xlws.FILTER(Speakers_in_Recordings!$B$2:$B$1502,Speakers_in_Recordings!$A$2:$A$1502=Rcrdngs[[#This Row],[Text]],"[no speaker selected in Speakers_in_Recordings]"))} -> KUW_2022_Speaker13, KUW_2022_Speaker14, KUW_2022_Gunda, KUW_2022_Inas | E63: {=_xlfn.TEXTJOIN(", ", TRUE(), _xlfn._xlws.FILTER(Sbcts_Rcrdngs[Subject],Sbcts_Rcrdngs[Recording]=Rcrdngs[[#This Row],[Text]],"[no subject selected in Subjects_in_Recordings]"))} -> Language and identity, History general, Family | F63: 44661 | G63: 10:10 | H63: audio_transcription | I63: restricted | J63: restricted | K63: work in progress | L63: transcribed | M63: Gunda Kinzl | N63: Maria Rebecca Zarb | U63: Kuwait City | Y63: Free Speech | AA63: Kuwait 2022 – Speaker 13 – Conversation (Xrenig) 1.7 – Mother’s Secret Language
A64: KUW_2022_Speaker13_ConversationXrenig_1_8_henna | C64: Kuwait Fieldwork Campaign Gunda Kinzl 2022 | D64: {=_xlfn.TEXTJOIN(", ", TRUE(), _xlfn._xlws.FILTER(Speakers_in_Recordings!$B$2:$B$1502,Speakers_in_Recordings!$A$2:$A$1502=Rcrdngs[[#This Row],[Text]],"[no speaker selected in Speakers_in_Recordings]"))} -> KUW_2022_Speaker13, KUW_2022_Speaker14, KUW_2022_Gunda | E64: {=_xlfn.TEXTJOIN(", ", TRUE(), _xlfn._xlws.FILTER(Sbcts_Rcrdngs[Subject],Sbcts_Rcrdngs[Recording]=Rcrdngs[[#This Row],[Text]],"[no subject selected in Subjects_in_Recordings]"))} -> Henna, Religion | F64: 44661 | G64: 04:44 | H64: audio_transcription | I64: restricted | J64: restricted | K64: work in progress | L64: transcribed | M64: Gunda Kinzl | N64: Maria Rebecca Zarb | U64: Kuwait City | Y64: Free Speech | AA64: Kuwait 2022 – Speaker 13 – Conversation (Xrenig) 1.8 – Henna
A65: KUW_2022_Speaker13_ConversationXrenig_1_9_abaaya_henna_2 | C65: Kuwait Fieldwork Campaign Gunda Kinzl 2022 | D65: {=_xlfn.TEXTJOIN(", ", TRUE(), _xlfn._xlws.FILTER(Speakers_in_Recordings!$B$2:$B$1502,Speakers_in_Recordings!$A$2:$A$1502=Rcrdngs[[#This Row],[Text]],"[no speaker selected in Speakers_in_Recordings]"))} -> KUW_2022_Speaker13, KUW_2022_Speaker14, KUW_2022_Gunda, KUW_2022_Inas | E65: {=_xlfn.TEXTJOIN(", ", TRUE(), _xlfn._xlws.FILTER(Sbcts_Rcrdngs[Subject],Sbcts_Rcrdngs[Recording]=Rcrdngs[[#This Row],[Text]],"[no subject selected in Subjects_in_Recordings]"))} -> Henna | F65: 44661 | G65: 03:29 | H65: audio_transcription | I65: restricted | J65: restricted | K65: work in progress | L65: transcribed | M65: Gunda Kinzl | N65: Maria Rebecca Zarb | U65: Kuwait City | Y65: Free Speech | AA65: Kuwait 2022 – Speaker 13 – Conversation (Xrenig) 1.9 – Abaya; Henna (Part 2)
A66: KUW_2022_Speaker13_ConversationXrenig_1_10_disagreementbetweenmotheranddaughter | C66: Kuwait Fieldwork Campaign Gunda Kinzl 2022 | D66: {=_xlfn.TEXTJOIN(", ", TRUE(), _xlfn._xlws.FILTER(Speakers_in_Recordings!$B$2:$B$1502,Speakers_in_Recordings!$A$2:$A$1502=Rcrdngs[[#This Row],[Text]],"[no speaker selected in Speakers_in_Recordings]"))} -> KUW_2022_Speaker13, KUW_2022_Speaker14, KUW_2022_Gunda, KUW_2022_Inas | E66: {=_xlfn.TEXTJOIN(", ", TRUE(), _xlfn._xlws.FILTER(Sbcts_Rcrdngs[Subject],Sbcts_Rcrdngs[Recording]=Rcrdngs[[#This Row],[Text]],"[no subject selected in Subjects_in_Recordings]"))} -> Argument | F66: 44661 | G66: 06:25 | H66: audio_transcription | I66: restricted | J66: restricted | K66: work in progress | L66: transcribed | M66: Gunda Kinzl | N66: Maria Rebecca Zarb | U66: Kuwait City | Y66: Free Speech | AA66: Kuwait 2022 – Speaker 13 – Conversation (Xrenig) 1.10 – Disagreement Between Mother and Daughter
A67: KUW_2022_Speaker13_ConversationXrenig_1_11_predictingpregnancies | C67: Kuwait Fieldwork Campaign Gunda Kinzl 2022 | D67: {=_xlfn.TEXTJOIN(", ", TRUE(), _xlfn._xlws.FILTER(Speakers_in_Recordings!$B$2:$B$1502,Speakers_in_Recordings!$A$2:$A$1502=Rcrdngs[[#This Row],[Text]],"[no speaker selected in Speakers_in_Recordings]"))} -> KUW_2022_Speaker13, KUW_2022_Speaker14, KUW_2022_Gunda, KUW_2022_Inas | E67: {=_xlfn.TEXTJOIN(", ", TRUE(), _xlfn._xlws.FILTER(Sbcts_Rcrdngs[Subject],Sbcts_Rcrdngs[Recording]=Rcrdngs[[#This Row],[Text]],"[no subject selected in Subjects_in_Recordings]"))} -> Childbirth | F67: 44661 | G67: 03:00 | H67: audio_transcription | I67: restricted | J67: restricted | K67: work in progress | L67: transcribed | M67: Gunda Kinzl | N67: Maria Rebecca Zarb | U67: Kuwait City | Y67: Free Speech | AA67: Kuwait 2022 – Speaker 13 – Conversation (Xrenig) 1.11 – Predicting Pregnancies
A68: KUW_2022_Speaker13_ConversationXrenig_1_12_childbirthprep | C68: Kuwait Fieldwork Campaign Gunda Kinzl 2022 | D68: {=_xlfn.TEXTJOIN(", ", TRUE(), _xlfn._xlws.FILTER(Speakers_in_Recordings!$B$2:$B$1502,Speakers_in_Recordings!$A$2:$A$1502=Rcrdngs[[#This Row],[Text]],"[no speaker selected in Speakers_in_Recordings]"))} -> KUW_2022_Speaker13, KUW_2022_Speaker14, KUW_2022_Gunda, KUW_2022_Inas | E68: {=_xlfn.TEXTJOIN(", ", TRUE(), _xlfn._xlws.FILTER(Sbcts_Rcrdngs[Subject],Sbcts_Rcrdngs[Recording]=Rcrdngs[[#This Row],[Text]],"[no subject selected in Subjects_in_Recordings]"))} -> Childbirth, Women's work | F68: 44661 | G68: 08:20 | H68: audio_transcription | I68: restricted | J68: restricted | K68: work in progress | L68: transcribed | M68: Gunda Kinzl | N68: Maria Rebecca Zarb | U68: Kuwait City | Y68: Free Speech | AA68: Kuwait 2022 – Speaker 13 – Conversation (Xrenig) 1.12 – Childbirth Preparation
A69: KUW_2022_Speaker13_ConversationXrenig_1_13_weddings_dialects | C69: Kuwait Fieldwork Campaign Gunda Kinzl 2022 | D69: {=_xlfn.TEXTJOIN(", ", TRUE(), _xlfn._xlws.FILTER(Speakers_in_Recordings!$B$2:$B$1502,Speakers_in_Recordings!$A$2:$A$1502=Rcrdngs[[#This Row],[Text]],"[no speaker selected in Speakers_in_Recordings]"))} -> KUW_2022_Speaker13, KUW_2022_Speaker14, KUW_2022_Gunda, KUW_2022_Inas | E69: {=_xlfn.TEXTJOIN(", ", TRUE(), _xlfn._xlws.FILTER(Sbcts_Rcrdngs[Subject],Sbcts_Rcrdngs[Recording]=Rcrdngs[[#This Row],[Text]],"[no subject selected in Subjects_in_Recordings]"))} -> Marriage | F69: 44661 | G69: 02:48 | H69: audio_transcription | I69: restricted | J69: restricted | K69: work in progress | L69: transcribed | M69: Gunda Kinzl | N69: Maria Rebecca Zarb | U69: Kuwait City | Y69: Free Speech | AA69: Kuwait 2022 – Speaker 13 – Conversation (Xrenig) 1.13 – Weddings; Dialects
A70: KUW_2022_Speaker13_ConversationXrenig_2 | C70: Kuwait Fieldwork Campaign Gunda Kinzl 2022 | D70: {=_xlfn.TEXTJOIN(", ", TRUE(), _xlfn._xlws.FILTER(Speakers_in_Recordings!$B$2:$B$1502,Speakers_in_Recordings!$A$2:$A$1502=Rcrdngs[[#This Row],[Text]],"[no speaker selected in Speakers_in_Recordings]"))} -> KUW_2022_Speaker13, KUW_2022_Speaker14, KUW_2022_Gunda, KUW_2022_Inas | E70: {=_xlfn.TEXTJOIN(", ", TRUE(), _xlfn._xlws.FILTER(Sbcts_Rcrdngs[Subject],Sbcts_Rcrdngs[Recording]=Rcrdngs[[#This Row],[Text]],"[no subject selected in Subjects_in_Recordings]"))} -> Lexicon | F70: 44661 | G70: 17:39 | H70: audio_transcription | I70: restricted | J70: restricted | K70: work in progress | L70: transcribed | M70: Gunda Kinzl | N70: Maria Rebecca Zarb | U70: Kuwait City | Y70: Free Speech | AA70: Kuwait 2022 – Speaker 13 – Conversation (Xrenig) 2
A71: KUW_2022_Speaker4_TopologicalRelations | C71: Kuwait Fieldwork Campaign Gunda Kinzl 2022 | D71: {=_xlfn.TEXTJOIN(", ", TRUE(), _xlfn._xlws.FILTER(Speakers_in_Recordings!$B$2:$B$1502,Speakers_in_Recordings!$A$2:$A$1502=Rcrdngs[[#This Row],[Text]],"[no speaker selected in Speakers_in_Recordings]"))} -> KUW_2022_Speaker4 | E71: {=_xlfn.TEXTJOIN(", ", TRUE(), _xlfn._xlws.FILTER(Sbcts_Rcrdngs[Subject],Sbcts_Rcrdngs[Recording]=Rcrdngs[[#This Row],[Text]],"[no subject selected in Subjects_in_Recordings]"))} -> Visual elicitation | F71: 44692 | G71: 17:41 | H71: audio_transcription | I71: restricted | J71: restricted | K71: work in progress | L71: transcribed | M71: Gunda Kinzl | N71: Maria Rebecca Zarb | U71: Kuwait City | Y71: Elicitation | AA71: Kuwait 2022 – Speaker 4 – Topological Relations
A72: SAU_2022_Speaker28_conversation_Oldman_1 | B72: SAU_2022_Speaker28_conversaton_Oldman_2 | C72: Saudi Arabia Fieldwork Campaign Gunda Kinzl 2022 | D72: {=_xlfn.TEXTJOIN(", ", TRUE(), _xlfn._xlws.FILTER(Speakers_in_Recordings!$B$2:$B$1502,Speakers_in_Recordings!$A$2:$A$1502=Rcrdngs[[#This Row],[Text]],"[no speaker selected in Speakers_in_Recordings]"))} -> SAU_2022_Speaker28, SAU_2022_Speaker9, SAU_2022_Gunda, SAU_2022_Speaker1 | E72: {=_xlfn.TEXTJOIN(", ", TRUE(), _xlfn._xlws.FILTER(Sbcts_Rcrdngs[Subject],Sbcts_Rcrdngs[Recording]=Rcrdngs[[#This Row],[Text]],"[no subject selected in Subjects_in_Recordings]"))} -> Childhood | F72: 44636 | G72: 4:33 | H72: audio_transcription | I72: public | J72: restricted | K72: work in progress | L72: transcribed | M72: Gunda Kinzl | N72: Maria Rebecca Zarb | U72: Khaybar | Y72: Free Speech | AA72: Saudi Arabia 2022 – Speaker 28 – Conversation with Old Man (Part 1)
A73: SAU_2022_Speaker28_conversation_Oldman_2 | B73: SAU_2022_Speaker28_conversaton_Oldman_3 | C73: Saudi Arabia Fieldwork Campaign Gunda Kinzl 2022 | D73: {=_xlfn.TEXTJOIN(", ", TRUE(), _xlfn._xlws.FILTER(Speakers_in_Recordings!$B$2:$B$1502,Speakers_in_Recordings!$A$2:$A$1502=Rcrdngs[[#This Row],[Text]],"[no speaker selected in Speakers_in_Recordings]"))} -> SAU_2022_Speaker28, SAU_2022_Speaker9, SAU_2022_Gunda, SAU_2022_Speaker1 | E73: {=_xlfn.TEXTJOIN(", ", TRUE(), _xlfn._xlws.FILTER(Sbcts_Rcrdngs[Subject],Sbcts_Rcrdngs[Recording]=Rcrdngs[[#This Row],[Text]],"[no subject selected in Subjects_in_Recordings]"))} -> Childhood | F73: 44636 | G73: 5:22 | H73: audio_transcription | I73: public | J73: restricted | K73: work in progress | L73: transcribed | M73: Gunda Kinzl | N73: Maria Rebecca Zarb | U73: Khaybar | Y73: Free Speech | AA73: Saudi Arabia 2022 – Speaker 28 – Conversation with Old Man (Part 2)
A74: SAU_2022_Speaker28_conversation_Oldman_3 | B74: SAU_2022_Speaker28_conversaton_Oldman_4 | C74: Saudi Arabia Fieldwork Campaign Gunda Kinzl 2022 | D74: {=_xlfn.TEXTJOIN(", ", TRUE(), _xlfn._xlws.FILTER(Speakers_in_Recordings!$B$2:$B$1502,Speakers_in_Recordings!$A$2:$A$1502=Rcrdngs[[#This Row],[Text]],"[no speaker selected in Speakers_in_Recordings]"))} -> SAU_2022_Gunda, SAU_2022_Speaker1, SAU_2022_Speaker28 | E74: {=_xlfn.TEXTJOIN(", ", TRUE(), _xlfn._xlws.FILTER(Sbcts_Rcrdngs[Subject],Sbcts_Rcrdngs[Recording]=Rcrdngs[[#This Row],[Text]],"[no subject selected in Subjects_in_Recordings]"))} -> Childhood | F74: 44636 | G74: 2:43 | H74: audio_transcription | I74: public | J74: restricted | K74: work in progress | L74: transcribed | M74: Gunda Kinzl | N74: Maria Rebecca Zarb | U74: Khaybar | Y74: Free Speech | AA74: Saudi Arabia 2022 – Speaker 28 – Conversation with Old Man (Part 3)
A75: SAU_2022_Speaker28_conversation_Oldman_4 | B75: SAU_2022_Speaker28_conversaton_Oldman_5 | C75: Saudi Arabia Fieldwork Campaign Gunda Kinzl 2022 | D75: {=_xlfn.TEXTJOIN(", ", TRUE(), _xlfn._xlws.FILTER(Speakers_in_Recordings!$B$2:$B$1502,Speakers_in_Recordings!$A$2:$A$1502=Rcrdngs[[#This Row],[Text]],"[no speaker selected in Speakers_in_Recordings]"))} -> SAU_2022_Speaker1, SAU_2022_Speaker28, SAU_2022_Speaker9, SAU_2022_Gunda | E75: {=_xlfn.TEXTJOIN(", ", TRUE(), _xlfn._xlws.FILTER(Sbcts_Rcrdngs[Subject],Sbcts_Rcrdngs[Recording]=Rcrdngs[[#This Row],[Text]],"[no subject selected in Subjects_in_Recordings]"))} -> Childhood | F75: 44636 | G75: 5:50 | H75: audio_transcription | I75: public | J75: restricted | K75: work in progress | L75: transcribed | M75: Gunda Kinzl | N75: Maria Rebecca Zarb | U75: Khaybar | Y75: Free Speech | AA75: Saudi Arabia 2022 – Speaker 28 – Conversation with Old Man (Part 4)
A76: SAU_2022_Speaker28_conversation_Oldman_5 | C76: Saudi Arabia Fieldwork Campaign Gunda Kinzl 2022 | D76: {=_xlfn.TEXTJOIN(", ", TRUE(), _xlfn._xlws.FILTER(Speakers_in_Recordings!$B$2:$B$1502,Speakers_in_Recordings!$A$2:$A$1502=Rcrdngs[[#This Row],[Text]],"[no speaker selected in Speakers_in_Recordings]"))} -> SAU_2022_Speaker1, SAU_2022_Speaker28, SAU_2022_Speaker9, SAU_2022_Gunda | E76: {=_xlfn.TEXTJOIN(", ", TRUE(), _xlfn._xlws.FILTER(Sbcts_Rcrdngs[Subject],Sbcts_Rcrdngs[Recording]=Rcrdngs[[#This Row],[Text]],"[no subject selected in Subjects_in_Recordings]"))} -> Childhood | F76: 44636 | G76: 2:28 | H76: audio_transcription | I76: public | J76: restricted | K76: work in progress | L76: transcribed | M76: Gunda Kinzl | N76: Maria Rebecca Zarb | U76: Khaybar | Y76: Free Speech | AA76: Saudi Arabia 2022 – Speaker 28 – Conversation with Old Man (Part 5)
A77: SAU_2022_Speaker44_falcons_1 | B77: SAU_2022_Speaker44_falcons_2 | C77: Saudi Arabia Fieldwork Campaign Gunda Kinzl 2022 | D77: {=_xlfn.TEXTJOIN(", ", TRUE(), _xlfn._xlws.FILTER(Speakers_in_Recordings!$B$2:$B$1502,Speakers_in_Recordings!$A$2:$A$1502=Rcrdngs[[#This Row],[Text]],"[no speaker selected in Speakers_in_Recordings]"))} -> SAU_2022_Speaker9, SAU_2022_Speaker44, SAU_2022_Gunda | E77: {=_xlfn.TEXTJOIN(", ", TRUE(), _xlfn._xlws.FILTER(Sbcts_Rcrdngs[Subject],Sbcts_Rcrdngs[Recording]=Rcrdngs[[#This Row],[Text]],"[no subject selected in Subjects_in_Recordings]"))} -> Falcons | F77: 44635 | G77: 23:32 | H77: audio_transcription | I77: public | J77: restricted | K77: work in progress | L77: transcribed | M77: Gunda Kinzl | N77: Maria Rebecca Zarb | U77: Ha'il | Y77: Free Speech
A78: SAU_2022_Speaker44_falcons_2 | C78: Saudi Arabia Fieldwork Campaign Gunda Kinzl 2022 | D78: {=_xlfn.TEXTJOIN(", ", TRUE(), _xlfn._xlws.FILTER(Speakers_in_Recordings!$B$2:$B$1502,Speakers_in_Recordings!$A$2:$A$1502=Rcrdngs[[#This Row],[Text]],"[no speaker selected in Speakers_in_Recordings]"))} -> SAU_2022_Speaker9, SAU_2022_Speaker44, SAU_2022_Gunda | E78: {=_xlfn.TEXTJOIN(", ", TRUE(), _xlfn._xlws.FILTER(Sbcts_Rcrdngs[Subject],Sbcts_Rcrdngs[Recording]=Rcrdngs[[#This Row],[Text]],"[no subject selected in Subjects_in_Recordings]"))} -> Falcons | F78: 44635 | G78: 10:51 | H78: audio_transcription | I78: public | J78: restricted | K78: work in progress | L78: transcribed | M78: Gunda Kinzl | N78: Maria Rebecca Zarb | U78: Ha'il | Y78: Free Speech
D79: {=_xlfn.TEXTJOIN(", ", TRUE(), _xlfn._xlws.FILTER(Speakers_in_Recordings!$B$2:$B$1502,Speakers_in_Recordings!$A$2:$A$1502=Rcrdngs[[#This Row],[Text]],"[no speaker selected in Speakers_in_Recordings]"))} | E79: {=_xlfn.TEXTJOIN(", ", TRUE(), _xlfn._xlws.FILTER(Sbcts_Rcrdngs[Subject],Sbcts_Rcrdngs[Recording]=Rcrdngs[[#This Row],[Text]],"[no subject selected in Subjects_in_Recordings]"))} | AA79: =Rcrdngs[[#This Row],[Text]] -> 0
A80: KUW_2022_Speaker10_6 | C80: Kuwait Fieldwork Campaign Gunda Kinzl 2022 | D80: {=_xlfn.TEXTJOIN(", ", TRUE(), _xlfn._xlws.FILTER(Speakers_in_Recordings!$B$2:$B$1502,Speakers_in_Recordings!$A$2:$A$1502=Rcrdngs[[#This Row],[Text]],"[no speaker selected in Speakers_in_Recordings]"))} -> KUW_2022_Speaker10 | E80: {=_xlfn.TEXTJOIN(", ", TRUE(), _xlfn._xlws.FILTER(Sbcts_Rcrdngs[Subject],Sbcts_Rcrdngs[Recording]=Rcrdngs[[#This Row],[Text]],"[no subject selected in Subjects_in_Recordings]"))} -> [no subject selected in Subjects_in_Recordings] | F80: 44696 | G80: 04:59 | H80: audio | I80: restricted | M80: Gunda Kinzl | U80: Kuwait City | Y80: Elicitation | AA80: Kuwait 2022 – Speaker 10 – Session 6
A81: KUW_2022_Speaker10_7 | C81: Kuwait Fieldwork Campaign Gunda Kinzl 2022 | D81: {=_xlfn.TEXTJOIN(", ", TRUE(), _xlfn._xlws.FILTER(Speakers_in_Recordings!$B$2:$B$1502,Speakers_in_Recordings!$A$2:$A$1502=Rcrdngs[[#This Row],[Text]],"[no speaker selected in Speakers_in_Recordings]"))} -> KUW_2022_Speaker10 | E81: {=_xlfn.TEXTJOIN(", ", TRUE(), _xlfn._xlws.FILTER(Sbcts_Rcrdngs[Subject],Sbcts_Rcrdngs[Recording]=Rcrdngs[[#This Row],[Text]],"[no subject selected in Subjects_in_Recordings]"))} -> [no subject selected in Subjects_in_Recordings] | F81: 44696 | G81: 04:51 | H81: audio | I81: restricted | M81: Gunda Kinzl | U81: Kuwait City | Y81: Elicitation | AA81: Kuwait 2022 – Speaker 10 – Session 7
A82: KUW_2022_Speaker4_picturestories | C82: Kuwait Fieldwork Campaign Gunda Kinzl 2022 | D82: {=_xlfn.TEXTJOIN(", ", TRUE(), _xlfn._xlws.FILTER(Speakers_in_Recordings!$B$2:$B$1502,Speakers_in_Recordings!$A$2:$A$1502=Rcrdngs[[#This Row],[Text]],"[no speaker selected in Speakers_in_Recordings]"))} -> KUW_2022_Speaker4 | E82: {=_xlfn.TEXTJOIN(", ", TRUE(), _xlfn._xlws.FILTER(Sbcts_Rcrdngs[Subject],Sbcts_Rcrdngs[Recording]=Rcrdngs[[#This Row],[Text]],"[no subject selected in Subjects_in_Recordings]"))} -> Visual elicitation | F82: 44692 | G82: 05:21 | H82: audio | I82: public | M82: Gunda Kinzl | U82: Kuwait City | Y82: Elicitation | AA82: Kuwait 2022 – Speaker 4 – Picture Stories
A83: KUW_2022_Speaker9_interview | C83: Kuwait Fieldwork Campaign Gunda Kinzl 2022 | D83: {=_xlfn.TEXTJOIN(", ", TRUE(), _xlfn._xlws.FILTER(Speakers_in_Recordings!$B$2:$B$1502,Speakers_in_Recordings!$A$2:$A$1502=Rcrdngs[[#This Row],[Text]],"[no speaker selected in Speakers_in_Recordings]"))} -> KUW_2022_Speaker9 | E83: {=_xlfn.TEXTJOIN(", ", TRUE(), _xlfn._xlws.FILTER(Sbcts_Rcrdngs[Subject],Sbcts_Rcrdngs[Recording]=Rcrdngs[[#This Row],[Text]],"[no subject selected in Subjects_in_Recordings]"))} -> [no subject selected in Subjects_in_Recordings] | F83: 44691 | G83: 44:49 | H83: audio | I83: restricted | M83: Gunda Kinzl | U83: Kuwait City | Y83: Free Speech | AA83: Kuwait 2022 – Speaker 9 – Interview
A84: KUW_2022_Speaker12_childhood_full | C84: Kuwait Fieldwork Campaign Gunda Kinzl 2022 | D84: {=_xlfn.TEXTJOIN(", ", TRUE(), _xlfn._xlws.FILTER(Speakers_in_Recordings!$B$2:$B$1502,Speakers_in_Recordings!$A$2:$A$1502=Rcrdngs[[#This Row],[Text]],"[no speaker selected in Speakers_in_Recordings]"))} -> KUW_2022_Speaker12 | E84: {=_xlfn.TEXTJOIN(", ", TRUE(), _xlfn._xlws.FILTER(Sbcts_Rcrdngs[Subject],Sbcts_Rcrdngs[Recording]=Rcrdngs[[#This Row],[Text]],"[no subject selected in Subjects_in_Recordings]"))} -> [no subject selected in Subjects_in_Recordings] | F84: 44702 | G84: 53:07 | H84: audio | I84: restricted | M84: Gunda Kinzl | U84: Kuwait City | Y84: Free Speech | AA84: Kuwait 2022 – Speaker 12 – Childhood (Full)
D85: {=_xlfn.TEXTJOIN(", ", TRUE(), _xlfn._xlws.FILTER(Speakers_in_Recordings!$B$2:$B$1502,Speakers_in_Recordings!$A$2:$A$1502=Rcrdngs[[#This Row],[Text]],"[no speaker selected in Speakers_in_Recordings]"))} | E85: {=_xlfn.TEXTJOIN(", ", TRUE(), _xlfn._xlws.FILTER(Sbcts_Rcrdngs[Subject],Sbcts_Rcrdngs[Recording]=Rcrdngs[[#This Row],[Text]],"[no subject selected in Subjects_in_Recordings]"))}
A86: SAU_2022_Speaker22_narrative_historyofBaniKhaled | C86: Saudi Arabia Fieldwork Campaign Gunda Kinzl 2022 | D86: {=_xlfn.TEXTJOIN(", ", TRUE(), _xlfn._xlws.FILTER(Speakers_in_Recordings!$B$2:$B$1502,Speakers_in_Recordings!$A$2:$A$1502=Rcrdngs[[#This Row],[Text]],"[no speaker selected in Speakers_in_Recordings]"))} -> SAU_2022_Speaker22 | E86: {=_xlfn.TEXTJOIN(", ", TRUE(), _xlfn._xlws.FILTER(Sbcts_Rcrdngs[Subject],Sbcts_Rcrdngs[Recording]=Rcrdngs[[#This Row],[Text]],"[no subject selected in Subjects_in_Recordings]"))} -> [no subject selected in Subjects_in_Recordings] | F86: 44628 | G86: 02:48 | H86: audio | I86: public | M86: Gunda Kinzl | U86: Ha'il Region | Y86: Free Speech | AA86: Saudi Arabia 2022 – Speaker 22 – Narrative: History of Bani Khaled
A87: SAU_2022_Speaker22_rashaydasudan | C87: Saudi Arabia Fieldwork Campaign Gunda Kinzl 2022 | D87: {=_xlfn.TEXTJOIN(", ", TRUE(), _xlfn._xlws.FILTER(Speakers_in_Recordings!$B$2:$B$1502,Speakers_in_Recordings!$A$2:$A$1502=Rcrdngs[[#This Row],[Text]],"[no speaker selected in Speakers_in_Recordings]"))} -> SAU_2022_Speaker22 | E87: {=_xlfn.TEXTJOIN(", ", TRUE(), _xlfn._xlws.FILTER(Sbcts_Rcrdngs[Subject],Sbcts_Rcrdngs[Recording]=Rcrdngs[[#This Row],[Text]],"[no subject selected in Subjects_in_Recordings]"))} -> [no subject selected in Subjects_in_Recordings] | F87: 44628 | G87: 04:29 | H87: audio | I87: public | M87: Gunda Kinzl | U87: Ha'il Region | Y87: Free Speech | AA87: Saudi Arabia 2022 – Speaker 22 – Rashayda in Sudan
A88: SAU_2022_Speaker22_informationaboutpoets | C88: Saudi Arabia Fieldwork Campaign Gunda Kinzl 2022 | D88: {=_xlfn.TEXTJOIN(", ", TRUE(), _xlfn._xlws.FILTER(Speakers_in_Recordings!$B$2:$B$1502,Speakers_in_Recordings!$A$2:$A$1502=Rcrdngs[[#This Row],[Text]],"[no speaker selected in Speakers_in_Recordings]"))} -> SAU_2022_Speaker22 | E88: {=_xlfn.TEXTJOIN(", ", TRUE(), _xlfn._xlws.FILTER(Sbcts_Rcrdngs[Subject],Sbcts_Rcrdngs[Recording]=Rcrdngs[[#This Row],[Text]],"[no subject selected in Subjects_in_Recordings]"))} -> [no subject selected in Subjects_in_Recordings] | F88: 44628 | G88: 47:36 | H88: audio | I88: public | M88: Gunda Kinzl | U88: Ha'il Region | Y88: Free Speech | AA88: Saudi Arabia 2022 – Speaker 22 – Information about Poets
A89: SAU_2022_Speaker22_prophetSaleh | C89: Saudi Arabia Fieldwork Campaign Gunda Kinzl 2022 | D89: {=_xlfn.TEXTJOIN(", ", TRUE(), _xlfn._xlws.FILTER(Speakers_in_Recordings!$B$2:$B$1502,Speakers_in_Recordings!$A$2:$A$1502=Rcrdngs[[#This Row],[Text]],"[no speaker selected in Speakers_in_Recordings]"))} -> SAU_2022_Speaker22 | E89: {=_xlfn.TEXTJOIN(", ", TRUE(), _xlfn._xlws.FILTER(Sbcts_Rcrdngs[Subject],Sbcts_Rcrdngs[Recording]=Rcrdngs[[#This Row],[Text]],"[no subject selected in Subjects_in_Recordings]"))} -> [no subject selected in Subjects_in_Recordings] | F89: 44629 | G89: 18:39 | H89: audio | I89: public | M89: Gunda Kinzl | U89: Ha'il Region | Y89: Free Speech | AA89: Saudi Arabia 2022 – Speaker 22 – Prophet Saleh
A90: SAU_2022_Speaker46_history | C90: Saudi Arabia Fieldwork Campaign Gunda Kinzl 2022 | D90: {=_xlfn.TEXTJOIN(", ", TRUE(), _xlfn._xlws.FILTER(Speakers_in_Recordings!$B$2:$B$1502,Speakers_in_Recordings!$A$2:$A$1502=Rcrdngs[[#This Row],[Text]],"[no speaker selected in Speakers_in_Recordings]"))} -> SAU_2022_Speaker46 | E90: {=_xlfn.TEXTJOIN(", ", TRUE(), _xlfn._xlws.FILTER(Sbcts_Rcrdngs[Subject],Sbcts_Rcrdngs[Recording]=Rcrdngs[[#This Row],[Text]],"[no subject selected in Subjects_in_Recordings]"))} -> [no subject selected in Subjects_in_Recordings] | F90: 44629 | G90: 19:03 | H90: audio | I90: public | M90: Gunda Kinzl | U90: Ha'il Region | Y90: Free Speech | AA90: Saudi Arabia 2022 – Speaker 46 – History
A91: SAU_2022_Speaker9_qasida | C91: Saudi Arabia Fieldwork Campaign Gunda Kinzl 2022 | D91: {=_xlfn.TEXTJOIN(", ", TRUE(), _xlfn._xlws.FILTER(Speakers_in_Recordings!$B$2:$B$1502,Speakers_in_Recordings!$A$2:$A$1502=Rcrdngs[[#This Row],[Text]],"[no speaker selected in Speakers_in_Recordings]"))} -> SAU_2022_Speaker9 | E91: {=_xlfn.TEXTJOIN(", ", TRUE(), _xlfn._xlws.FILTER(Sbcts_Rcrdngs[Subject],Sbcts_Rcrdngs[Recording]=Rcrdngs[[#This Row],[Text]],"[no subject selected in Subjects_in_Recordings]"))} -> [no subject selected in Subjects_in_Recordings] | F91: 44632 | G91: 05:16 | H91: audio | I91: public | M91: Gunda Kinzl | U91: Ha'il | Y91: Free Speech | AA91: Saudi Arabia 2022 – Speaker 9 – Qasida
A92: SAU_2022_Speaker12_poem | C92: Saudi Arabia Fieldwork Campaign Gunda Kinzl 2022 | D92: {=_xlfn.TEXTJOIN(", ", TRUE(), _xlfn._xlws.FILTER(Speakers_in_Recordings!$B$2:$B$1502,Speakers_in_Recordings!$A$2:$A$1502=Rcrdngs[[#This Row],[Text]],"[no speaker selected in Speakers_in_Recordings]"))} -> SAU_2022_Speaker12 | E92: {=_xlfn.TEXTJOIN(", ", TRUE(), _xlfn._xlws.FILTER(Sbcts_Rcrdngs[Subject],Sbcts_Rcrdngs[Recording]=Rcrdngs[[#This Row],[Text]],"[no subject selected in Subjects_in_Recordings]"))} -> [no subject selected in Subjects_in_Recordings] | F92: 44632 | G92: 02:25 | H92: audio | I92: public | M92: Gunda Kinzl | U92: Ha'il Region | Y92: Free Speech | AA92: Saudi Arabia 2022 – Speaker 12 – Poem
A93: SAU_2022_Speaker12_praise | C93: Saudi Arabia Fieldwork Campaign Gunda Kinzl 2022 | D93: {=_xlfn.TEXTJOIN(", ", TRUE(), _xlfn._xlws.FILTER(Speakers_in_Recordings!$B$2:$B$1502,Speakers_in_Recordings!$A$2:$A$1502=Rcrdngs[[#This Row],[Text]],"[no speaker selected in Speakers_in_Recordings]"))} -> SAU_2022_Speaker12 | E93: {=_xlfn.TEXTJOIN(", ", TRUE(), _xlfn._xlws.FILTER(Sbcts_Rcrdngs[Subject],Sbcts_Rcrdngs[Recording]=Rcrdngs[[#This Row],[Text]],"[no subject selected in Subjects_in_Recordings]"))} -> [no subject selected in Subjects_in_Recordings] | F93: 44632 | G93: 04:03 | H93: audio | I93: public | M93: Gunda Kinzl | U93: Ha'il Region | Y93: Free Speech | AA93: Saudi Arabia 2022 – Speaker 12 – Praise
A94: SAU_2022_Speaker12_song | C94: Saudi Arabia Fieldwork Campaign Gunda Kinzl 2022 | D94: {=_xlfn.TEXTJOIN(", ", TRUE(), _xlfn._xlws.FILTER(Speakers_in_Recordings!$B$2:$B$1502,Speakers_in_Recordings!$A$2:$A$1502=Rcrdngs[[#This Row],[Text]],"[no speaker selected in Speakers_in_Recordings]"))} -> SAU_2022_Speaker12 | E94: {=_xlfn.TEXTJOIN(", ", TRUE(), _xlfn._xlws.FILTER(Sbcts_Rcrdngs[Subject],Sbcts_Rcrdngs[Recording]=Rcrdngs[[#This Row],[Text]],"[no subject selected in Subjects_in_Recordings]"))} -> [no subject selected in Subjects_in_Recordings] | F94: 44632 | G94: 05:12 | H94: audio | I94: public | M94: Gunda Kinzl | U94: Ha'il Region | Y94: Free Speech | AA94: Saudi Arabia 2022 – Speaker 12 – Song
A95: SAU_2022_Speaker6_conversation_dialect | C95: Saudi Arabia Fieldwork Campaign Gunda Kinzl 2022 | D95: {=_xlfn.TEXTJOIN(", ", TRUE(), _xlfn._xlws.FILTER(Speakers_in_Recordings!$B$2:$B$1502,Speakers_in_Recordings!$A$2:$A$1502=Rcrdngs[[#This Row],[Text]],"[no speaker selected in Speakers_in_Recordings]"))} -> SAU_2022_Speaker6 | E95: {=_xlfn.TEXTJOIN(", ", TRUE(), _xlfn._xlws.FILTER(Sbcts_Rcrdngs[Subject],Sbcts_Rcrdngs[Recording]=Rcrdngs[[#This Row],[Text]],"[no subject selected in Subjects_in_Recordings]"))} -> [no subject selected in Subjects_in_Recordings] | F95: 44633 | G95: 35:55 | H95: audio | I95: public | M95: Gunda Kinzl | U95: Ha'il Region | Y95: Free Speech | AA95: Saudi Arabia 2022 – Speaker 6 – Conversation; Dialect
A96: SAU_2022_Speaker42_qasida | C96: Saudi Arabia Fieldwork Campaign Gunda Kinzl 2022 | D96: {=_xlfn.TEXTJOIN(", ", TRUE(), _xlfn._xlws.FILTER(Speakers_in_Recordings!$B$2:$B$1502,Speakers_in_Recordings!$A$2:$A$1502=Rcrdngs[[#This Row],[Text]],"[no speaker selected in Speakers_in_Recordings]"))} -> SAU_2022_Speaker42 | E96: {=_xlfn.TEXTJOIN(", ", TRUE(), _xlfn._xlws.FILTER(Sbcts_Rcrdngs[Subject],Sbcts_Rcrdngs[Recording]=Rcrdngs[[#This Row],[Text]],"[no subject selected in Subjects_in_Recordings]"))} -> [no subject selected in Subjects_in_Recordings] | F96: 44633 | G96: 02:31 | H96: audio | I96: public | M96: Gunda Kinzl | U96: Ha'il Region | Y96: Free Speech | AA96: Saudi Arabia 2022 – Speaker 42 – Qasida
A97: SAU_2022_Speaker8_conversationWomen_1 | C97: Saudi Arabia Fieldwork Campaign Gunda Kinzl 2022 | D97: {=_xlfn.TEXTJOIN(", ", TRUE(), _xlfn._xlws.FILTER(Speakers_in_Recordings!$B$2:$B$1502,Speakers_in_Recordings!$A$2:$A$1502=Rcrdngs[[#This Row],[Text]],"[no speaker selected in Speakers_in_Recordings]"))} -> SAU_2022_Speaker8 | E97: {=_xlfn.TEXTJOIN(", ", TRUE(), _xlfn._xlws.FILTER(Sbcts_Rcrdngs[Subject],Sbcts_Rcrdngs[Recording]=Rcrdngs[[#This Row],[Text]],"[no subject selected in Subjects_in_Recordings]"))} -> [no subject selected in Subjects_in_Recordings] | F97: 44633 | G97: 1:36:14 | H97: audio | I97: restricted | M97: Gunda Kinzl | U97: Ha'il Region | Y97: Free Speech | AA97: Saudi Arabia 2022 – Speaker 8 – Conversation (Women) (Part 1)
... A112: SAU_2022_Speaker9_family_school | C112: Saudi Arabia Fieldwork Campaign Gunda Kinzl 2022 | D112: {=_xlfn.TEXTJOIN(", ", TRUE(), _xlfn._xlws.FILTER(Speakers_in_Recordings!$B$2:$B$1502,Speakers_in_Recordings!$A$2:$A$1502=Rcrdngs[[#This Row],[Text]],"[no speaker selected in Speakers_in_Recordings]"))} -> SAU_2022_Speaker9, SAU_2022_Speaker47 | E112: {=_xlfn.TEXTJOIN(", ", TRUE(), _xlfn._xlws.FILTER(Sbcts_Rcrdngs[Subject],Sbcts_Rcrdngs[Recording]=Rcrdngs[[#This Row],[Text]],"[no subject selected in Subjects_in_Recordings]"))} -> [no subject selected in Subjects_in_Recordings] | F112: 44633 | G112: 15:27 | H112: audio | I112: restricted | M112: Gunda Kinzl | U112: Ha'il | Y112: Free Speech | AA112: Saudi Arabia 2022 – Speaker 9 – Family and School
A113: SAU_2022_Speaker25_poetry_recital | C113: Saudi Arabia Fieldwork Campaign Gunda Kinzl 2022 | D113: {=_xlfn.TEXTJOIN(", ", TRUE(), _xlfn._xlws.FILTER(Speakers_in_Recordings!$B$2:$B$1502,Speakers_in_Recordings!$A$2:$A$1502=Rcrdngs[[#This Row],[Text]],"[no speaker selected in Speakers_in_Recordings]"))} -> SAU_2022_Speaker25, SAU_2022_Speaker9 | E113: {=_xlfn.TEXTJOIN(", ", TRUE(), _xlfn._xlws.FILTER(Sbcts_Rcrdngs[Subject],Sbcts_Rcrdngs[Recording]=Rcrdngs[[#This Row],[Text]],"[no subject selected in Subjects_in_Recordings]"))} -> [no subject selected in Subjects_in_Recordings] | F113: 44633 | G113: 32:38 | H113: audio | I113: public | M113: Gunda Kinzl | Y113: Free Speech | AA113: Saudi Arabia 2022 – Speaker 25 – Poetry Recital
A114: SAU_2022_Speaker43_tribe_abs | C114: Saudi Arabia Fieldwork Campaign Gunda Kinzl 2022 | D114: {=_xlfn.TEXTJOIN(", ", TRUE(), _xlfn._xlws.FILTER(Speakers_in_Recordings!$B$2:$B$1502,Speakers_in_Recordings!$A$2:$A$1502=Rcrdngs[[#This Row],[Text]],"[no speaker selected in Speakers_in_Recordings]"))} -> SAU_2022_Speaker43, SAU_2022_Speaker9 | E114: {=_xlfn.TEXTJOIN(", ", TRUE(), _xlfn._xlws.FILTER(Sbcts_Rcrdngs[Subject],Sbcts_Rcrdngs[Recording]=Rcrdngs[[#This Row],[Text]],"[no subject selected in Subjects_in_Recordings]"))} -> [no subject selected in Subjects_in_Recordings] | F114: 44633 | G114: 22:47 | H114: audio | I114: public | M114: Gunda Kinzl | Y114: Free Speech | AA114: Saudi Arabia 2022 – Speaker 43 – Tribe: Abs
...

Sheet Team
A1: forename | B1: surname | C1: affiliation.Element:Text | D1: http://www.w3.org/XML/1998/namespace.Attribute:id | E1: Attribute:role | F1: note | G1: persName
A2: Stephan | B2: Procházka | C2: University of Vienna, Department of Near Eastern Studies | D2: SP | E2: Principal investigator | G2: Stephan Procházka
A3: Maria Rebecca | B3: Zarb | C3: University of Vienna, Department of Near Eastern Studies | D3: RZ | E3: Prae-doc researcher | F3: deals with the dialect of the Rašāyda bedouins namely in Saudi Arabia and Kuwait. WP1 | G3: Maria Rebecca Zarb
A4: Johanna | B4: Doppelbauer | C4: University of Vienna, Department of Near Eastern Studies | D4: JD | E4: Pre-MA researcher | F4: collection of data for the database. This includes finding information regarding Bedouin dialects from already published sources and, once the database is operational, feeding it with the information accumulated on the subject, along with the data that will be collected by the other researchers in the course of the project. WP4 | G4: Johanna Doppelbauer
A5: Stanley | B5: Kochem | C5: University of Vienna, Department of Near Eastern Studies | D5: SK | E5: Pre-MA researcher | F5: collection of data for the database. This includes finding information regarding Bedouin dialects from already published sources and, once the database is operational, feeding it with the information accumulated on the subject, along with the data that will be collected by the other researchers in the course of the project. WP4 | G5: Stanley Kochem
A6: Ana | B6: Iriarte Díez | C6: University of Vienna, Department of Near Eastern Studies | D6: AID | E6: Post-doc researcher | F6: works on language and dialect contact and historical linguistics and language change WP5, WP6 | G6: Ana Iriarte Díez
A7: Gisela | B7: Kitzler | C7: University of Vienna, Department of Near Eastern Studies | D7: GiK | E7: Post-doc researcher | F7: works on the perception of bedouin varieties in Egypt with a focus on Sinai, as well as accommodation between bedouin and non-bedouin varieties in tourist areas in South Sinai. In Addition, she is responsible for the coordination of the project WP2 | G7: Gisela Kitzler
A8: Antonella | B8: Torzullo | C8: University of Vienna, Department of Near Eastern Studies | D8: AT | E8: Prae-doc researcher | F8: works on the Arabic dialect of the Bani Saxar tribe in Jordan WP1 | G8: Antonella Torzullo
A9: Terlan | B9: Djavadova | C9: University of Vienna, Department of Near Eastern Studies | D9: TD | E9: Prae-doc researcher | F9: deals with the Bedouin dialects of the ZAer and Chouia in Morocco and their influence on the Moroccan Koina WP1 | G9: Terlan Djavadova
A10: Claudia | B10: Laaber | C10: University of Vienna, Department of Near Eastern Studies | D10: CL | E10: Prae-doc researcher | F10: works on language attitudes towards Bedouin Arabic WP2 | G10: Claudia Laaber
A11: Gunda | B11: Kinzl | C11: University of Vienna, Department of Near Eastern Studies | D11: GuK | E11: Prae-doc researcher | F11: works on a grammatical description of the Rashayda Bedouins’ dialect in Saudi Arabia and Sudan WP1 | G11: Gunda Kinzl
A12: Veronika | B12: Engler | C12: Austrian Academy of Sciences, ACDH-CH | D12: VE | E12: Technical Staff | F12: collection of data for the database. This includes finding information regarding Bedouin dialects from already published sources and, once the database is operational, feeding it with the information accumulated on the subject, along with the data that will be collected by the other researchers in the course of the project. | G12: Veronika Engler
A13: Philipp | B13: Hessabi | C13: University of Vienna, Department of Near Eastern Studies | D13: PH | E13: Pre-MA researcher | F13: collection of data for the database. This includes finding information regarding Bedouin dialects from already published sources and, once the database is operational, feeding it with the information accumulated on the subject, along with the data that will be collected by the other researchers in the course of the project. WP4 | G13: Philipp Hessabi
A14: Kadir | B14: Mustafaoglu | C14: University of Vienna, Department of Near Eastern Studies | D14: AKM | E14: Pre-MA researcher | F14: collection of data for the database. This includes finding information regarding Bedouin dialects from already published sources and, once the database is operational, feeding it with the information accumulated on the subject, along with the data that will be collected by the other researchers in the course of the project. WP4 | G14: Kadir Mustafaoglu
A15: Charly | B15: Mörth | C15: Austrian Academy of Sciences, ACDH-CH | D15: CM | E15: National Project Partner | G15: Charly Mörth
A16: Angelika | B16: Hechtl | C16: Austrian Academy of Sciences, ACDH-CH | D16: AH | E16: Technical Staff | G16: Angelika Hechtl
A17: Kinga | B17: Sramó | C17: Austrian Academy of Sciences, ACDH-CH | D17: KS | E17: Technical Staff | F17: works on transforming the linguistic data from the database into a visual representation (map) | G17: Kinga Sramó
A18: Daniel | B18: Schopper | C18: Austrian Academy of Sciences, ACDH-CH | D18: DS | E18: Senior Technical Consultant | F18: senior advisor on TEI modelling, head of working group Data@ACDH-CH; MS Teams and sharepoint admin | G18: Daniel Schopper
A19: Maura Zsófia | B19: Abraham | C19: Austrian Academy of Sciences, ACDH-CH | D19: MA | E19: Technical Consultant | F19: works on the SHAWI and TUNOCENT projects. We try to keep technical developments in all three projects in sync with each other, so she will participate / advise on relevant points. | G19: Maura Zsófia Abraham
A20: Omar | B20: Siam | C20: Austrian Academy of Sciences, ACDH-CH | D20: OS | E20: Senior Technical Consultant | F20: senior advisor, system administrator at ACDH-CH, technical supervisor for the VICAV infrastructure | G20: Omar Siam
H21: DO NOT EDIT
H22: The content of this sheet is fetched from 010_manannot/wibarab_dmp.xml

Sheet Status
A1: Status | B1: Description
A2: recorded | B2: initial state, nothing has been done with this recording
A3: anonymized | B3: the recording has been checked for sensitive data and been anonymized (beeped) - THIS IS NECESSARY BEFORE BEING ABLE TO PROCESS THE DATA
A4: transcribed | B4: the text has been transcribed in ELAN
A5: glossed | B5: the text has been glossed (optional)
A6: translated | B6: the text has been translated (optional)
A7: ready for processing | B7: the text is ready for being transformed to TEI
A8: ready for publication | B8: the text can be published

Sheet Speakers
A1: Speaker | B1: CONSENT | C1: Gender | D1: Year of Birth | E1: Age Group | F1: Age Group Comment | G1: Languages | H1: Place of Origin | I1: Note | J1: Recordings | K1: Tribe | L1: Mother origin | M1: Cattle-related business | N1: Education | O1: Speaker Label
A2: SAU_2022_Speaker10 | B2: YES | C2: F | D2: 1990s | E2: 30s | H2: Saudi Arabia | I2: She has one recording, the marriage audio. I have split this into _marriage_1 and marriage_2 | J2: {=_xlfn.TEXTJOIN(", ",TRUE(),_xlfn._xlws.FILTER(Speakers_in_Recordings!$A$2:$A$1502,Speakers_in_Recordings!$B$2:$B$1502=_xlfn.SINGLE(Spkrs[Speaker]),"N/A"))} -> SAU_2022_Speaker10_marriage_1, SAU_2022_Speaker10_marriage_2 | K2: Rašāyda
A3: SAU_2022_Speaker20 | B3: YES | C3: M | E3: 70s | H3: Saudi Arabia | J3: {=_xlfn.TEXTJOIN(", ",TRUE(),_xlfn._xlws.FILTER(Speakers_in_Recordings!$A$2:$A$1502,Speakers_in_Recordings!$B$2:$B$1502=_xlfn.SINGLE(Spkrs[Speaker]),"N/A"))} -> SAU_2022_Speaker20_traditionaltools, SAU_2022_Speaker20_shepherd, SAU_2022_Speaker20_traditionalaccessories, SAU_2022_Speaker20_traditionalkitchen, SAU_2022_Speaker20_moretraditionalthings | K3: Rašāyda
A4: SAU_2022_Speaker19 | B4: YES | C4: M | E4: 50s | H4: Saudi Arabia | I4: No metadata but we have consent | J4: {=_xlfn.TEXTJOIN(", ",TRUE(),_xlfn._xlws.FILTER(Speakers_in_Recordings!$A$2:$A$1502,Speakers_in_Recordings!$B$2:$B$1502=_xlfn.SINGLE(Spkrs[Speaker]),"N/A"))} -> SAU_2022_Speaker19_market | K4: Rašāyda
A5: SAU_2022_CulturalInformant | B5: NO | C5: M | E5: 50s | H5: Saudi Arabia | I5: no information or consent on this guy | J5: {=_xlfn.TEXTJOIN(", ",TRUE(),_xlfn._xlws.FILTER(Speakers_in_Recordings!$A$2:$A$1502,Speakers_in_Recordings!$B$2:$B$1502=_xlfn.SINGLE(Spkrs[Speaker]),"N/A"))} -> SAU_2022_Speaker20_traditionaltools, SAU_2022_Speaker20_traditionalkitchen, SAU_2022_Speaker20_moretraditionalthings
A6: SAU_2022_Speaker9 | B6: YES | C6: M | D6: 1960 | E6: 60s | H6: Saudi Arabia | I6: abs chief, head of rabtat abs, accompanied gunda on all the trips, appears in almost all audios expect for the ones conducted with women | J6: {=_xlfn.TEXTJOIN(", ",TRUE(),_xlfn._xlws.FILTER(Speakers_in_Recordings!$A$2:$A$1502,Speakers_in_Recordings!$B$2:$B$1502=_xlfn.SINGLE(Spkrs[Speaker]),"N/A"))} -> SAU_2022_Speaker20_traditionaltools, SAU_2022_Speaker20_traditionalkitchen, SAU_2022_Speaker20_moretraditionalthings, SAU_2022_Speaker47_games_pets, SAU_2022_Speaker9_qasida, SAU_2022_Speaker9_family_school, SAU_2022_Speaker25_poetry_recital, SAU_2022_Speaker43_tribe_abs, SAU_2022_Speaker43_conversation, SAU_2022_Speaker24_qasida_reading, SAU_2022_Speaker9_camels_1, SAU_2022_Speaker9_camels_2, SAU_2022_Speaker9_camels_3, SAU_2022_Speaker9_camels_4, SAU_2022_Speaker9_camels_5, SAU_2022_Speaker9_camels_6, SAU_2022_Speaker44_falcons_1, SAU_2022_Speaker44_falcons_2, SAU_2022_Speaker9_poetry_1, SAU_2022_Speaker21_interviews, SAU_2022_Speaker50_interviews, SAU_2022_Speaker51_interviews, SAU_2022_Speaker52_interviews, SAU_2022_Speaker28_conversation_Oldman_1, SAU_2022_Speaker28_conversation_Oldman_2, SAU_2022_Speaker28_conversation_Oldman_4, SAU_2022_Speaker28_conversation_Oldman_5 | K6: Rašāyda | N6: university, he is a doctor
A7: SAU_2022_UnknownMarketSeller | B7: NO | C7: M | E7: 60s | H7: Saudi Arabia | I7: no metadata, no consent | J7: {=_xlfn.TEXTJOIN(", ",TRUE(),_xlfn._xlws.FILTER(Speakers_in_Recordings!$A$2:$A$1502,Speakers_in_Recordings!$B$2:$B$1502=_xlfn.SINGLE(Spkrs[Speaker]),"N/A"))} -> SAU_2022_Speaker19_market
A8: SAU_2022_Speaker14 | B8: YES | C8: F | D8: 1980 | E8: 40s | H8: Saudi Arabia | I8: teacher living in Khaybar, very bubbly woman, mother, very interested in culture and the arts | J8: {=_xlfn.TEXTJOIN(", ",TRUE(),_xlfn._xlws.FILTER(Speakers_in_Recordings!$A$2:$A$1502,Speakers_in_Recordings!$B$2:$B$1502=_xlfn.SINGLE(Spkrs[Speaker]),"N/A"))} -> SAU_2022_Speaker14_childhood_womenswork, SAU_2022_Speaker14_houses_education, SAU_2022_Speaker14_education_2, SAU_2022_Speaker14_childhood, SAU_2022_Speaker14_weddings_2, SAU_2022_Speaker14_weddings_1, SAU_2022_Speaker14_education_girls_1, SAU_2022_Speaker14_education_girls_2, SAU_2022_Speaker14_education_girls_3_driving, SAU_2022_Speaker14_Weaving_1, SAU_2022_Speaker14_Weaving_weddings, SAU_2022_Speaker14_5, SAU_2022_Speaker14_6, SAU_2022_Speaker14_7, SAU_2022_Speaker14_8, SAU_2022_Speaker14_9, SAU_2022_Speaker14_10, SAU_2022_Speaker14_11, SAU_2022_Speaker14_12, SAU_2022_Speaker14_15, SAU_2022_Speaker14_16, SAU_2022_Speaker14_17, SAU_2022_Speaker14_Weaving_4, SAU_2022_Speaker14_coffee_women, SAU_2022_Speaker14_conversationWomen | K8: Rašāyda
A9: SAU_2022_SpeakerUnknown | B9: NO | C9: F | E9: 20s | H9: Saudi Arabia | I9: seems to be a daughter of SAU_2022_Speaker14, no information or consent from her | J9: {=_xlfn.TEXTJOIN(", ",TRUE(),_xlfn._xlws.FILTER(Speakers_in_Recordings!$A$2:$A$1502,Speakers_in_Recordings!$B$2:$B$1502=_xlfn.SINGLE(Spkrs[Speaker]),"N/A"))} -> SAU_2022_Speaker14_houses_education, SAU_2022_Speaker14_education_2, SAU_2022_Speaker14_weddings_2, SAU_2022_Speaker14_weddings_1
A10: SAU_2022_Gunda | B10: YES | E10: 20s | J10: {=_xlfn.TEXTJOIN(", ",TRUE(),_xlfn._xlws.FILTER(Speakers_in_Recordings!$A$2:$A$1502,Speakers_in_Recordings!$B$2:$B$1502=_xlfn.SINGLE(Spkrs[Speaker]),"N/A"))} -> SAU_2022_Speaker10_marriage_1, SAU_2022_Speaker20_traditionalaccessories, SAU_2022_Speaker20_traditionalkitchen, SAU_2022_Speaker20_moretraditionalthings, SAU_2022_Speaker14_childhood_womenswork, SAU_2022_Speaker14_houses_education, SAU_2022_Speaker14_education_2, SAU_2022_Speaker14_childhood, SAU_2022_Speaker14_weddings_2, SAU_2022_Speaker14_weddings_1, SAU_2022_Speaker14_education_girls_1, SAU_2022_Speaker14_education_girls_2, SAU_2022_Speaker14_education_girls_3_driving, SAU_2022_Speaker10_marriage_2, SAU_2022_Speaker19_market, SAU_2022_Speaker47_games_pets, SAU_2022_Speaker37_childhood, SAU_2022_Speaker37_childhood2_marriage, SAU_2022_Speaker37_camel, SAU_2022_Speaker37_food_3eyb_haram, SAU_2022_Speaker37_3eyb_haram_2, SAU_2022_Speaker37_henna, SAU_2022_Speaker14_Weaving_1, SAU_2022_Speaker14_Weaving_weddings, SAU_2022_Speaker44_falcons_1, SAU_2022_Speaker44_falcons_2, SAU_2022_Speaker28_conversation_Oldman_1, SAU_2022_Speaker28_conversation_Oldman_2, SAU_2022_Speaker28_conversation_Oldman_3, SAU_2022_Speaker28_conversation_Oldman_4, SAU_2022_Speaker28_conversation_Oldman_5
A11: SAU_2022_DaughterofSheikh2 | B11: NO | C11: F | E11: 20s | H11: Saudi Arabia | I11: daughter of SAU_2022_Speaker9, no consent | J11: {=_xlfn.TEXTJOIN(", ",TRUE(),_xlfn._xlws.FILTER(Speakers_in_Recordings!$A$2:$A$1502,Speakers_in_Recordings!$B$2:$B$1502=_xlfn.SINGLE(Spkrs[Speaker]),"N/A"))} -> SAU_2022_Speaker47_games_pets | K11: Rašāyda
A12: SAU_2022_Speaker34 | B12: NO | C12: F | E12: 40s | H12: Saudi Arabia | I12: wife of SAU_2022_Speaker 9 and mother of _DaughterSheikh1/2, no consent | J12: {=_xlfn.TEXTJOIN(", ",TRUE(),_xlfn._xlws.FILTER(Speakers_in_Recordings!$A$2:$A$1502,Speakers_in_Recordings!$B$2:$B$1502=_xlfn.SINGLE(Spkrs[Speaker]),"N/A"))} -> SAU_2022_Speaker47_games_pets | K12: Rašāyda
A13: SAU_2022_Speaker37 | B13: YES | C13: F | D13: 1950 | E13: 70s | H13: Saudi Arabia | I13: Rašāyda, ʕArʕar | J13: {=_xlfn.TEXTJOIN(", ",TRUE(),_xlfn._xlws.FILTER(Speakers_in_Recordings!$A$2:$A$1502,Speakers_in_Recordings!$B$2:$B$1502=_xlfn.SINGLE(Spkrs[Speaker]),"N/A"))} -> SAU_2022_Speaker37_childhood, SAU_2022_Speaker37_childhood2_marriage, SAU_2022_Speaker37_camel, SAU_2022_Speaker37_food_3eyb_haram, SAU_2022_Speaker37_3eyb_haram_2, SAU_2022_Speaker37_henna | K13: Rašāyda
A14: SAU_2022_Speaker23 | B14: NO | C14: F | D14: 1990 | E14: 30s | H14: Saudi Arabia | I14: Daughter of SAU_2022_Speaker37 | J14: {=_xlfn.TEXTJOIN(", ",TRUE(),_xlfn._xlws.FILTER(Speakers_in_Recordings!$A$2:$A$1502,Speakers_in_Recordings!$B$2:$B$1502=_xlfn.SINGLE(Spkrs[Speaker]),"N/A"))} -> SAU_2022_Speaker37_childhood, SAU_2022_Speaker37_childhood2_marriage, SAU_2022_Speaker37_camel, SAU_2022_Speaker37_food_3eyb_haram, SAU_2022_Speaker37_3eyb_haram_2, SAU_2022_Speaker37_henna | K14: Rašāyda
A15: SAU_2022_Speaker16 | B15: NO | C15: F | D15: 1980 | E15: 40s | H15: Saudi Arabia | I15: Sister of SAU_2022_Speaker14; estimated birth year. Very modern woman , but aware of traditions. Knows very well how to roast coffee and showed me how to do it while also explaining some traditional dishes. Gunda has photos and a video, she wears a modern interpretation of the Niqab for the photos. | J15: {=_xlfn.TEXTJOIN(", ",TRUE(),_xlfn._xlws.FILTER(Speakers_in_Recordings!$A$2:$A$1502,Speakers_in_Recordings!$B$2:$B$1502=_xlfn.SINGLE(Spkrs[Speaker]),"N/A"))} -> SAU_2022_Speaker14_Weaving_1, SAU_2022_Speaker14_Weaving_weddings | K15: Rašāyda
A16: SAU_2022_Weaver1 | B16: NO | C16: F | E16: 70s | H16: Saudi Arabia | I16: Two old ladies were invited to the house to show us traditional weaving. They are paid by the government to give workshops on this and also sell what they make. They expect to be paid for showing their craft and are proud of being licensed by the government. | J16: {=_xlfn.TEXTJOIN(", ",TRUE(),_xlfn._xlws.FILTER(Speakers_in_Recordings!$A$2:$A$1502,Speakers_in_Recordings!$B$2:$B$1502=_xlfn.SINGLE(Spkrs[Speaker]),"N/A"))} -> SAU_2022_Speaker14_Weaving_1, SAU_2022_Speaker14_Weaving_weddings
A17: SAU_2022_Weaver2 | B17: NO | C17: F | E17: 70s | H17: Saudi Arabia | I17: Two old ladies were invited to the house to show us traditional weaving. They are paid by the government to give workshops on this and also sell what they make. They expect to be paid for showing their craft and are proud of being licensed by the government. | J17: {=_xlfn.TEXTJOIN(", ",TRUE(),_xlfn._xlws.FILTER(Speakers_in_Recordings!$A$2:$A$1502,Speakers_in_Recordings!$B$2:$B$1502=_xlfn.SINGLE(Spkrs[Speaker]),"N/A"))} -> SAU_2022_Speaker14_Weaving_weddings
A18: SAU_2022_Speaker22 | B18: YES | C18: M | D18: 1980 | E18: 40s | H18: Saudi Arabia | I18: tourguide affiliated with a ministry | J18: {=_xlfn.TEXTJOIN(", ",TRUE(),_xlfn._xlws.FILTER(Speakers_in_Recordings!$A$2:$A$1502,Speakers_in_Recordings!$B$2:$B$1502=_xlfn.SINGLE(Spkrs[Speaker]),"N/A"))} -> SAU_2022_Speaker22_narrative_historyofBaniKhaled, SAU_2022_Speaker22_rashaydasudan, SAU_2022_Speaker22_informationaboutpoets, SAU_2022_Speaker22_prophetSaleh | K18: Bani Xāled
A19: SAU_2022_Speaker46 | B19: YES | C19: M | D19: 1975 | E19: 50s | H19: Saudi Arabia | I19: brother of SAU_2022_Speaker22, also tourguide | J19: {=_xlfn.TEXTJOIN(", ",TRUE(),_xlfn._xlws.FILTER(Speakers_in_Recordings!$A$2:$A$1502,Speakers_in_Recordings!$B$2:$B$1502=_xlfn.SINGLE(Spkrs[Speaker]),"N/A"))} -> SAU_2022_Speaker46_history | K19: Bani Xāled
A20: SAU_2022_Speaker12 | B20: YES | C20: M | D20: 1970 | E20: 50s | H20: Saudi Arabia | I20: poet and owner of multiple stables | J20: {=_xlfn.TEXTJOIN(", ",TRUE(),_xlfn._xlws.FILTER(Speakers_in_Recordings!$A$2:$A$1502,Speakers_in_Recordings!$B$2:$B$1502=_xlfn.SINGLE(Spkrs[Speaker]),"N/A"))} -> SAU_2022_Speaker12_poem, SAU_2022_Speaker12_praise, SAU_2022_Speaker12_song | K20: Rašāyda | N20: high
A21: SAU_2022_Speaker42 | B21: YES | C21: M | E21: 50s | F21: no information | H21: Saudi Arabia | I21: poet | J21: {=_xlfn.TEXTJOIN(", ",TRUE(),_xlfn._xlws.FILTER(Speakers_in_Recordings!$A$2:$A$1502,Speakers_in_Recordings!$B$2:$B$1502=_xlfn.SINGLE(Spkrs[Speaker]),"N/A"))} -> SAU_2022_Speaker42_qasida | K21: Rašāyda | N21: high school
A22: SAU_2022_Speaker8 | B22: YES | C22: F | D22: 1990 | E22: 30s | H22: Saudi Arabia | I22: doctor of literature | J22: {=_xlfn.TEXTJOIN(", ",TRUE(),_xlfn._xlws.FILTER(Speakers_in_Recordings!$A$2:$A$1502,Speakers_in_Recordings!$B$2:$B$1502=_xlfn.SINGLE(Spkrs[Speaker]),"N/A"))} -> SAU_2022_Speaker8_conversationWomen_1, SAU_2022_Speaker8_conversationWomen_2, SAU_2022_Speaker8_conversationWomen_3 | K22: Rašāyda | N22: doctorate
A23: SAU_2022_Speaker6 | B23: YES | C23: M | D23: 1990 | E23: 30s | F23: estimated birth year | H23: Saudi Arabia | I23: doctor, affiliated with the ministry | J23: {=_xlfn.TEXTJOIN(", ",TRUE(),_xlfn._xlws.FILTER(Speakers_in_Recordings!$A$2:$A$1502,Speakers_in_Recordings!$B$2:$B$1502=_xlfn.SINGLE(Spkrs[Speaker]),"N/A"))} -> SAU_2022_Speaker6_conversation_dialect | K23: Rašāyda | N23: doctorate
A24: SAU_2022_Speaker47 | B24: YES | C24: F | D24: 2000 | E24: 20s | F24: estimated birth year | H24: Saudi Arabia | I24: in university, daughter of SAU_2022_Speaker9 | J24: {=_xlfn.TEXTJOIN(", ",TRUE(),_xlfn._xlws.FILTER(Speakers_in_Recordings!$A$2:$A$1502,Speakers_in_Recordings!$B$2:$B$1502=_xlfn.SINGLE(Spkrs[Speaker]),"N/A"))} -> SAU_2022_Speaker47_games_pets, SAU_2022_Speaker9_family_school | K24: Rašāyda | N24: in university
A25: SAU_2022_Speaker25 | B25: YES | C25: M | E25: 30s | H25: Saudi Arabia | I25: poet, very well travelled | J25: {=_xlfn.TEXTJOIN(", ",TRUE(),_xlfn._xlws.FILTER(Speakers_in_Recordings!$A$2:$A$1502,Speakers_in_Recordings!$B$2:$B$1502=_xlfn.SINGLE(Spkrs[Speaker]),"N/A"))} -> SAU_2022_Speaker25_poetry_recital | K25: Rašāyda | N25: seems to be highly educated
A26: SAU_2022_Speaker43 | B26: YES | C26: M | E26: 60s | H26: Saudi Arabia | I26: business man | J26: {=_xlfn.TEXTJOIN(", ",TRUE(),_xlfn._xlws.FILTER(Speakers_in_Recordings!$A$2:$A$1502,Speakers_in_Recordings!$B$2:$B$1502=_xlfn.SINGLE(Spkrs[Speaker]),"N/A"))} -> SAU_2022_Speaker43_tribe_abs, SAU_2022_Speaker43_conversation | K26: Rašāyda | N26: seems to be highly educated
A27: SAU_2022_Speaker24 | B27: YES | C27: M | D27: 1960 | E27: 60s | F27: estimated birth year | H27: Saudi Arabia | J27: {=_xlfn.TEXTJOIN(", ",TRUE(),_xlfn._xlws.FILTER(Speakers_in_Recordings!$A$2:$A$1502,Speakers_in_Recordings!$B$2:$B$1502=_xlfn.SINGLE(Spkrs[Speaker]),"N/A"))} -> SAU_2022_Speaker24_qasida_reading | K27: Rašāyda
A28: SAU_2022_Speaker28 | B28: YES | C28: M | D28: 1942 | E28: 80s | F28: estimated birth year | H28: Saudi Arabia | I28: used to be a nomad, now lives in Khaybar apparently, multiple wives, has 20 living children and about 5 dead ones. he is a poet but very humble about it | J28: {=_xlfn.TEXTJOIN(", ",TRUE(),_xlfn._xlws.FILTER(Speakers_in_Recordings!$A$2:$A$1502,Speakers_in_Recordings!$B$2:$B$1502=_xlfn.SINGLE(Spkrs[Speaker]),"N/A"))} -> SAU_2022_Speaker28_conversation_Oldman, SAU_2022_Speaker28_conversation_Oldman_1, SAU_2022_Speaker28_conversation_Oldman_2, SAU_2022_Speaker28_conversation_Oldman_3, SAU_2022_Speaker28_conversation_Oldman_4, SAU_2022_Speaker28_conversation_Oldman_5 | K28: Rašāyda
A29: SAU_2022_Speaker29 | B29: YES | C29: M | D29: 1960 | E29: 60s | F29: estimated birth year | H29: Saudi Arabia | J29: {=_xlfn.TEXTJOIN(", ",TRUE(),_xlfn._xlws.FILTER(Speakers_in_Recordings!$A$2:$A$1502,Speakers_in_Recordings!$B$2:$B$1502=_xlfn.SINGLE(Spkrs[Speaker]),"N/A"))} -> SAU_2022_Speaker29_interviews_1 | K29: Rašāyda
A30: SAU_2022_Speaker21 | B30: YES | C30: M | D30: 1959 | E30: 60s | H30: Saudi Arabia | I30: used to be a soldier | J30: {=_xlfn.TEXTJOIN(", ",TRUE(),_xlfn._xlws.FILTER(Speakers_in_Recordings!$A$2:$A$1502,Speakers_in_Recordings!$B$2:$B$1502=_xlfn.SINGLE(Spkrs[Speaker]),"N/A"))} -> SAU_2022_Speaker21_interviews | K30: Rašāyda
A31: SAU_2022_Speaker50 | B31: YES | C31: M | D31: 1955 | E31: 70s | F31: estimated birth year | H31: Saudi Arabia | J31: {=_xlfn.TEXTJOIN(", ",TRUE(),_xlfn._xlws.FILTER(Speakers_in_Recordings!$A$2:$A$1502,Speakers_in_Recordings!$B$2:$B$1502=_xlfn.SINGLE(Spkrs[Speaker]),"N/A"))} -> SAU_2022_Speaker50_interviews | K31: Rašāyda | N31: do not think he has received education- not sure though
A32: SAU_2022_Speaker51 | B32: YES | C32: M | D32: 1955 | E32: 70s | F32: estimated birth year | H32: Saudi Arabia | J32: {=_xlfn.TEXTJOIN(", ",TRUE(),_xlfn._xlws.FILTER(Speakers_in_Recordings!$A$2:$A$1502,Speakers_in_Recordings!$B$2:$B$1502=_xlfn.SINGLE(Spkrs[Speaker]),"N/A"))} -> SAU_2022_Speaker51_interviews | K32: Rašāyda
A33: SAU_2022_Speaker35 | B33: YES | C33: M | D33: 1950 | E33: 70s | F33: estimated birth year | H33: Saudi Arabia | J33: {=_xlfn.TEXTJOIN(", ",TRUE(),_xlfn._xlws.FILTER(Speakers_in_Recordings!$A$2:$A$1502,Speakers_in_Recordings!$B$2:$B$1502=_xlfn.SINGLE(Spkrs[Speaker]),"N/A"))} -> SAU_2022_Speaker35_narrativeInt_oldMan | K33: Rašāyda
A34: SAU_2022_Speaker32 | B34: YES | C34: M | D34: 1950 | E34: 70s | F34: estimated birth year | H34: Saudi Arabia | I34: from the hijazi region and seems to be very proud of this- he identifies the Rashayda as being hijazi | J34: {=_xlfn.TEXTJOIN(", ",TRUE(),_xlfn._xlws.FILTER(Speakers_in_Recordings!$A$2:$A$1502,Speakers_in_Recordings!$B$2:$B$1502=_xlfn.SINGLE(Spkrs[Speaker]),"N/A"))} -> SAU_2022_Speaker32_traditions_1 | K34: Rašāyda
A35: SAU_2022_Speaker44 | B35: YES | C35: M | D35: 1950 | E35: 70s | F35: estimated birth year | H35: Saudi Arabia | I35: raises falcons | J35: {=_xlfn.TEXTJOIN(", ",TRUE(),_xlfn._xlws.FILTER(Speakers_in_Recordings!$A$2:$A$1502,Speakers_in_Recordings!$B$2:$B$1502=_xlfn.SINGLE(Spkrs[Speaker]),"N/A"))} -> SAU_2022_Speaker44_falcons_1, SAU_2022_Speaker44_falcons_2 | K35: Rašāyda
A36: SAU_2022_Speaker49 | B36: YES | C36: M | E36: 60s | H36: Saudi Arabia | J36: {=_xlfn.TEXTJOIN(", ",TRUE(),_xlfn._xlws.FILTER(Speakers_in_Recordings!$A$2:$A$1502,Speakers_in_Recordings!$B$2:$B$1502=_xlfn.SINGLE(Spkrs[Speaker]),"N/A"))} -> SAU_2022_Speaker49_OldMan_2 | K36: Rašāyda
A37: SAU_2022_Speaker1 | B37: NO | C37: M | E37: 60s | H37: Saudi Arabia | I37: rawi for the tribe | J37: {=_xlfn.TEXTJOIN(", ",TRUE(),_xlfn._xlws.FILTER(Speakers_in_Recordings!$A$2:$A$1502,Speakers_in_Recordings!$B$2:$B$1502=_xlfn.SINGLE(Spkrs[Speaker]),"N/A"))} -> SAU_2022_Speaker28_conversation_Oldman_1, SAU_2022_Speaker28_conversation_Oldman_2, SAU_2022_Speaker28_conversation_Oldman_3, SAU_2022_Speaker28_conversation_Oldman_4, SAU_2022_Speaker28_conversation_Oldman_5 | K37: Rašāyda | N37: educated in order to be a rawi
J38: {=_xlfn.TEXTJOIN(", ",TRUE(),_xlfn._xlws.FILTER(#REF!,#REF!=_xlfn.SINGLE(Spkrs[Speaker]),"N/A"))} -> #REF!
A39: KUW_2022_Speaker8 | B39: YES | C39: F | D39: 1980 | E39: 40s | H39: Kuwait | J39: {=_xlfn.TEXTJOIN(", ",TRUE(),_xlfn._xlws.FILTER(Speakers_in_Recordings!$A$2:$A$1502,Speakers_in_Recordings!$B$2:$B$1502=_xlfn.SINGLE(Spkrs[Speaker]),"N/A"))} -> KUW_2022_Speaker8_neighbourhood, KUW_2022_Speaker8_education, KUW_2022_Speaker8_family, KUW_2022_Speaker8_wedding, KUW_2022_Speaker8_lifedevelopments_cooking, KUW_2022_Speaker8_war_goodandbadexperiences_differenceswithinrashayda, KUW_2022_Speaker8_Elicitations_PictureStories, KUW_2022_Speaker8_Elicitations_TopologicalRelations, KUW_2022_Speaker8_Elicitations_PictureStories_2, KUW_2022_Speaker8_coffeetraditions, KUW_2022_Speaker8_cooking, KUW_2022_Speaker8_traditionalmarket_recipe | K39: Rašāyda
A40: KUW_2022_Speaker12 | B40: YES | C40: M | D40: 1940 | E40: 80s | H40: Kuwait | J40: {=_xlfn.TEXTJOIN(", ",TRUE(),_xlfn._xlws.FILTER(Speakers_in_Recordings!$A$2:$A$1502,Speakers_in_Recordings!$B$2:$B$1502=_xlfn.SINGLE(Spkrs[Speaker]),"N/A"))} -> KUW_2022_Speaker12_childhood_1, KUW_2022_Speaker12_childhood_2, KUW_2022_Speaker12_childhood_3, KUW_2022_Speaker12_childhood_4, KUW_2022_Speaker12_childhood_5, KUW_2022_Speaker12_childhood_full | K40: Rašāyda
A41: KUW_2022_Speaker16 | B41: NO | C41: M | E41: 40s | H41: Kuwait | I41: no information or consent on this guy | J41: {=_xlfn.TEXTJOIN(", ",TRUE(),_xlfn._xlws.FILTER(Speakers_in_Recordings!$A$2:$A$1502,Speakers_in_Recordings!$B$2:$B$1502=_xlfn.SINGLE(Spkrs[Speaker]),"N/A"))} -> KUW_2022_Speaker12_childhood_1, KUW_2022_Speaker12_childhood_2, KUW_2022_Speaker12_childhood_3, KUW_2022_Speaker12_childhood_4, KUW_2022_Speaker12_childhood_5
A42: KUW_2022_Speaker17 | B42: NO | C42: M | E42: 40s | H42: Kuwait | I42: no information or consent on this guy | J42: {=_xlfn.TEXTJOIN(", ",TRUE(),_xlfn._xlws.FILTER(Speakers_in_Recordings!$A$2:$A$1502,Speakers_in_Recordings!$B$2:$B$1502=_xlfn.SINGLE(Spkrs[Speaker]),"N/A"))} -> KUW_2022_Speaker12_childhood_5
A43: KUW_2022_Speaker3 | B43: YES | C43: M | D43: 1990 | E43: 30s | H43: Kuwait | J43: {=_xlfn.TEXTJOIN(", ",TRUE(),_xlfn._xlws.FILTER(Speakers_in_Recordings!$A$2:$A$1502,Speakers_in_Recordings!$B$2:$B$1502=_xlfn.SINGLE(Spkrs[Speaker]),"N/A"))} -> Questionnaire_KUW_2022_Speaker3_Speaker6_Speaker11_1, Questionnaire_KUW_2022_Speaker3_Speaker6_1, Questionnaire_KUW_2022_Speaker3_Speaker6_2, Questionnaire_KUW_2022_Speaker3_Speaker6_3, Questionnaire_KUW_2022_Speaker3_Speaker6_4, Questionnaire_KUW_2022_Speaker3_alone_1 | K43: Rašāyda
A44: KUW_2022_Speaker6 | B44: YES | C44: M | D44: 2000 | E44: 20s | H44: Kuwait | I44: son of KUW_2022_Speaker8 | J44: {=_xlfn.TEXTJOIN(", ",TRUE(),_xlfn._xlws.FILTER(Speakers_in_Recordings!$A$2:$A$1502,Speakers_in_Recordings!$B$2:$B$1502=_xlfn.SINGLE(Spkrs[Speaker]),"N/A"))} -> KUW_2022_Speaker8_neighbourhood, KUW_2022_Speaker8_lifedevelopments_cooking, KUW_2022_Speaker8_Elicitations_PictureStories_2, KUW_2022_Speaker8_coffeetraditions, KUW_2022_Speaker8_cooking, KUW_2022_Speaker8_traditionalmarket_recipe, Questionnaire_KUW_2022_Speaker3_Speaker6_Speaker11_1, Questionnaire_KUW_2022_Speaker3_Speaker6_1, Questionnaire_KUW_2022_Speaker3_Speaker6_2, Questionnaire_KUW_2022_Speaker3_Speaker6_3, Questionnaire_KUW_2022_Speaker3_Speaker6_4, Questionnaire_KUW_2022_Speaker6_alone_1 | K44: Rašāyda
A45: KUW_2022_Speaker11 | B45: YES | C45: M | D45: 2000 | E45: 20s | H45: Kuwait | J45: {=_xlfn.TEXTJOIN(", ",TRUE(),_xlfn._xlws.FILTER(Speakers_in_Recordings!$A$2:$A$1502,Speakers_in_Recordings!$B$2:$B$1502=_xlfn.SINGLE(Spkrs[Speaker]),"N/A"))} -> Questionnaire_KUW_2022_Speaker3_Speaker6_Speaker11_1, Questionnaire_KUW_2022_Speaker11_alone_1, Questionnaire_KUW_2022_Speaker11_alone_2 | K45: Rašāyda
A46: KUW_2022_Speaker10 | B46: YES | C46: M | D46: 1940 | E46: 80s | H46: Kuwait | I46: very cultivated, friendly man, married to a German woman. Speaks German very well and has lived in Germany. He has travelled far and is a former member of parliament. His son Omar has also been very helpful. | J46: {=_xlfn.TEXTJOIN(", ",TRUE(),_xlfn._xlws.FILTER(Speakers_in_Recordings!$A$2:$A$1502,Speakers_in_Recordings!$B$2:$B$1502=_xlfn.SINGLE(Spkrs[Speaker]),"N/A"))} -> KUW_2022_Speaker10_Questionnaire_1, KUW_2022_Speaker10_Questionnaire_2, KUW_2022_Speaker10_Questionnaire_3, KUW_2022_Speaker10_Questionnaire_5, KUW_2022_Speaker10_6, KUW_2022_Speaker10_7 | K46: Rašāyda
A47: KUW_2022_UnknownMan1withSpeaker10 | B47: NO | C47: M | E47: 50s | H47: Kuwait | I47: man asking questions to Speaker10, seems to be educated and maybe in his 40s-50s, no consent | J47: {=_xlfn.TEXTJOIN(", ",TRUE(),_xlfn._xlws.FILTER(Speakers_in_Recordings!$A$2:$A$1502,Speakers_in_Recordings!$B$2:$B$1502=_xlfn.SINGLE(Spkrs[Speaker]),"N/A"))} -> KUW_2022_Speaker10_Questionnaire_1, KUW_2022_Speaker10_Questionnaire_2, KUW_2022_Speaker10_Questionnaire_3, KUW_2022_Speaker10_Questionnaire_5
A48: KUW_2022_UnknownMan2withSpeaker10 | B48: NO | C48: M | E48: 50s | H48: Kuwait | I48: another man asking questions to Speaker10, no consent | J48: {=_xlfn.TEXTJOIN(", ",TRUE(),_xlfn._xlws.FILTER(Speakers_in_Recordings!$A$2:$A$1502,Speakers_in_Recordings!$B$2:$B$1502=_xlfn.SINGLE(Spkrs[Speaker]),"N/A"))} -> KUW_2022_Speaker10_Questionnaire_1, KUW_2022_Speaker10_Questionnaire_2, KUW_2022_Speaker10_Questionnaire_3, KUW_2022_Speaker10_Questionnaire_5
A49: KUW_2022_Speaker13 | B49: YES | C49: F | D49: 1964 | E49: 60s | H49: Kuwait | I49: her daughter is KUW_2022_Speaker14 | J49: {=_xlfn.TEXTJOIN(", ",TRUE(),_xlfn._xlws.FILTER(Speakers_in_Recordings!$A$2:$A$1502,Speakers_in_Recordings!$B$2:$B$1502=_xlfn.SINGLE(Spkrs[Speaker]),"N/A"))} -> KUW_2022_Speaker13_ConversationXrenig_1_1, KUW_2022_Speaker13_ConversationXrenig_1_2_childhood_slaves, KUW_2022_Speaker13_ConversationXrenig_1_3_slaves_2, KUW_2022_Speaker13_ConversationXrenig_1_5_xrenig_weddingtraditions, KUW_2022_Speaker13_ConversationXrenig_1_6_racism_dialects, KUW_2022_Speaker13_ConversationXrenig_1_7_mothers_secretlanguage, KUW_2022_Speaker13_ConversationXrenig_1_8_henna, KUW_2022_Speaker13_ConversationXrenig_1_9_abaaya_henna_2, KUW_2022_Speaker13_ConversationXrenig_1_10_disagreementbetweenmotheranddaughter, KUW_2022_Speaker13_ConversationXrenig_1_11_predictingpregnancies, KUW_2022_Speaker13_ConversationXrenig_1_12_childbirthprep, KUW_2022_Speaker13_ConversationXrenig_1_13_weddings_dialects, KUW_2022_Speaker13_ConversationXrenig_2 | K49: Rašāyda
A50: KUW_2022_Speaker14 | B50: YES | C50: F | D50: 1980 | E50: 40s | H50: Kuwait | I50: estimated birth year, in her early forties, her father is from SA, her mother is KUW_2022_Speaker13 | J50: {=_xlfn.TEXTJOIN(", ",TRUE(),_xlfn._xlws.FILTER(Speakers_in_Recordings!$A$2:$A$1502,Speakers_in_Recordings!$B$2:$B$1502=_xlfn.SINGLE(Spkrs[Speaker]),"N/A"))} -> KUW_2022_Speaker13_ConversationXrenig_1_1, KUW_2022_Speaker13_ConversationXrenig_1_2_childhood_slaves, KUW_2022_Speaker13_ConversationXrenig_1_3_slaves_2, KUW_2022_Speaker13_ConversationXrenig_1_5_xrenig_weddingtraditions, KUW_2022_Speaker13_ConversationXrenig_1_6_racism_dialects, KUW_2022_Speaker13_ConversationXrenig_1_7_mothers_secretlanguage, KUW_2022_Speaker13_ConversationXrenig_1_8_henna, KUW_2022_Speaker13_ConversationXrenig_1_9_abaaya_henna_2, KUW_2022_Speaker13_ConversationXrenig_1_10_disagreementbetweenmotheranddaughter, KUW_2022_Speaker13_ConversationXrenig_1_11_predictingpregnancies, KUW_2022_Speaker13_ConversationXrenig_1_12_childbirthprep, KUW_2022_Speaker13_ConversationXrenig_1_13_weddings_dialects, KUW_2022_Speaker13_ConversationXrenig_2 | K50: Rašāyda
A51: KUW_2022_Speaker4 | B51: YES | C51: M | D51: 2000 | E51: 20s | H51: Kuwait | J51: {=_xlfn.TEXTJOIN(", ",TRUE(),_xlfn._xlws.FILTER(Speakers_in_Recordings!$A$2:$A$1502,Speakers_in_Recordings!$B$2:$B$1502=_xlfn.SINGLE(Spkrs[Speaker]),"N/A"))} -> KUW_2022_Speaker4_TopologicalRelations, KUW_2022_Speaker4_picturestories | K51: Rašāyda
A52: KUW_2022_Speaker9 | B52: YES | C52: M | E52: 50s | H52: Kuwait | J52: {=_xlfn.TEXTJOIN(", ",TRUE(),_xlfn._xlws.FILTER(Speakers_in_Recordings!$A$2:$A$1502,Speakers_in_Recordings!$B$2:$B$1502=_xlfn.SINGLE(Spkrs[Speaker]),"N/A"))} -> KUW_2022_Speaker9_interview | K52: Rašāyda
A53: KUW_2022_Gunda | B53: YES | C53: F | E53: 20s | J53: {=_xlfn.TEXTJOIN(", ",TRUE(),_xlfn._xlws.FILTER(Speakers_in_Recordings!$A$2:$A$1502,Speakers_in_Recordings!$B$2:$B$1502=_xlfn.SINGLE(Spkrs[Speaker]),"N/A"))} -> KUW_2022_Speaker8_neighbourhood, KUW_2022_Speaker8_education, KUW_2022_Speaker8_family, KUW_2022_Speaker8_wedding, KUW_2022_Speaker8_lifedevelopments_cooking, KUW_2022_Speaker8_war_goodandbadexperiences_differenceswithinrashayda, KUW_2022_Speaker8_Elicitations_PictureStories, KUW_2022_Speaker8_Elicitations_TopologicalRelations, KUW_2022_Speaker8_Elicitations_PictureStories_2, KUW_2022_Speaker8_coffeetraditions, KUW_2022_Speaker8_cooking, KUW_2022_Speaker8_traditionalmarket_recipe, KUW_2022_Speaker12_childhood_1, KUW_2022_Speaker12_childhood_2, KUW_2022_Speaker12_childhood_3, KUW_2022_Speaker12_childhood_4, KUW_2022_Speaker10_Questionnaire_1, KUW_2022_Speaker10_Questionnaire_3, Questionnaire_KUW_2022_Speaker3_Speaker6_Speaker11_1, Questionnaire_KUW_2022_Speaker3_Speaker6_1, Questionnaire_KUW_2022_Speaker3_Speaker6_2, Questionnaire_KUW_2022_Speaker3_Speaker6_3, Questionnaire_KUW_2022_Speaker3_Speaker6_4, Questionnaire_KUW_2022_Speaker6_alone_1, Questionnaire_KUW_2022_Speaker3_alone_1, Questionnaire_KUW_2022_Speaker11_alone_1, Questionnaire_KUW_2022_Speaker11_alone_2, KUW_2022_Speaker13_ConversationXrenig_1_1, KUW_2022_Speaker13_ConversationXrenig_1_2_childhood_slaves, KUW_2022_Speaker13_ConversationXrenig_1_3_slaves_2, KUW_2022_Speaker13_ConversationXrenig_1_5_xrenig_weddingtraditions, KUW_2022_Speaker13_ConversationXrenig_1_7_mothers_secretlanguage, KUW_2022_Speaker13_ConversationXrenig_1_8_henna, KUW_2022_Speaker13_ConversationXrenig_1_9_abaaya_henna_2, KUW_2022_Speaker13_ConversationXrenig_1_10_disagreementbetweenmotheranddaughter, KUW_2022_Speaker13_ConversationXrenig_1_11_predictingpregnancies, KUW_2022_Speaker13_ConversationXrenig_1_12_childbirthprep, KUW_2022_Speaker13_ConversationXrenig_1_13_weddings_dialects, KUW_2022_Speaker13_ConversationXrenig_2
A54: KUW_2022_Inas | B54: YES | C54: F | E54: 40s | H54: Cairo | J54: {=_xlfn.TEXTJOIN(", ",TRUE(),_xlfn._xlws.FILTER(Speakers_in_Recordings!$A$2:$A$1502,Speakers_in_Recordings!$B$2:$B$1502=_xlfn.SINGLE(Spkrs[Speaker]),"N/A"))} -> KUW_2022_Speaker13_ConversationXrenig_1_1, KUW_2022_Speaker13_ConversationXrenig_1_2_childhood_slaves, KUW_2022_Speaker13_ConversationXrenig_1_5_xrenig_weddingtraditions, KUW_2022_Speaker13_ConversationXrenig_1_6_racism_dialects, KUW_2022_Speaker13_ConversationXrenig_1_7_mothers_secretlanguage, KUW_2022_Speaker13_ConversationXrenig_1_9_abaaya_henna_2, KUW_2022_Speaker13_ConversationXrenig_1_10_disagreementbetweenmotheranddaughter, KUW_2022_Speaker13_ConversationXrenig_1_11_predictingpregnancies, KUW_2022_Speaker13_ConversationXrenig_1_12_childbirthprep, KUW_2022_Speaker13_ConversationXrenig_1_13_weddings_dialects, KUW_2022_Speaker13_ConversationXrenig_2
J55: {=_xlfn.TEXTJOIN(", ",TRUE(),_xlfn._xlws.FILTER(#REF!,#REF!=_xlfn.SINGLE(Spkrs[Speaker]),"N/A"))} -> #REF!
A56: SAU_2025_Speaker1 | B56: YES | C56: M | D56: 1989 | E56: 40s | H56: Saudi Arabia | I56: originally from Hail, his family and 3 young children are still there, but he lives and works in Riyadh, very educated and studied in the USA on scholarship | J56: {=_xlfn.TEXTJOIN(", ",TRUE(),_xlfn._xlws.FILTER(#REF!,#REF!=_xlfn.SINGLE(Spkrs[Speaker]),"N/A"))} -> #REF! | K56: Rašāyda | N56: highly educated
A57: SAU_2025_Speaker2 | B57: YES | C57: M | D57: 1989 | E57: 40s | F57: estimated birth year | H57: Saudi Arabia | I57: originally from Hail, studied in USA | J57: {=_xlfn.TEXTJOIN(", ",TRUE(),_xlfn._xlws.FILTER(#REF!,#REF!=_xlfn.SINGLE(Spkrs[Speaker]),"N/A"))} -> #REF! | K57: Rašāyda | N57: highly educated
A58: SAU_2025_Speaker3 | B58: YES | C58: M | D58: 1989 | E58: 40s | F58: estimated birth year | H58: Saudi Arabia | I58: originally from Hail, studied in USA | J58: {=_xlfn.TEXTJOIN(", ",TRUE(),_xlfn._xlws.FILTER(#REF!,#REF!=_xlfn.SINGLE(Spkrs[Speaker]),"N/A"))} -> #REF! | K58: Rašāyda | N58: highly educated
A59: SAU_2025_Speaker4 | B59: YES | C59: M | D59: 1992 | E59: 30s | H59: Saudi Arabia | I59: originally from Thimid / Medina, lives in Riyadh, highly educated and works in IT, lived in USA | J59: {=_xlfn.TEXTJOIN(", ",TRUE(),_xlfn._xlws.FILTER(#REF!,#REF!=_xlfn.SINGLE(Spkrs[Speaker]),"N/A"))} -> #REF! | K59: Rašāyda | N59: highly educated
A60: SAU_2025_Speaker5 | B60: YES | C60: M | D60: 1991 | E60: 30s | H60: Saudi Arabia | I60: originally from Hail, lives in Riyadh, highly educated and works in IT, lived in USA | J60: {=_xlfn.TEXTJOIN(", ",TRUE(),_xlfn._xlws.FILTER(#REF!,#REF!=_xlfn.SINGLE(Spkrs[Speaker]),"N/A"))} -> #REF! | K60: Rašāyda | N60: highly educated
A61: SAU_2025_Speaker6 | B61: YES | C61: M | D61: 1960s | E61: 60s | F61: estimated birth year | H61: Saudi Arabia | I61: the sheikh and leader of the bani ʕabs league, same speaker as SAU_2022_Speaker9 | J61: {=_xlfn.TEXTJOIN(", ",TRUE(),_xlfn._xlws.FILTER(#REF!,#REF!=_xlfn.SINGLE(Spkrs[Speaker]),"N/A"))} -> #REF! | K61: Rašāyda - ʕawāmra | N61: highly educated
A62: SAU_2025_Speaker7 | B62: YES | C62: M | D62: 1960s | E62: 60s | F62: estimated birth year | H62: Saudi Arabia | I62: from hail, accompanied us and drove us to hait, thimid and khaybar. Very friendly guy, his family is very conservative. I have videos and photos of him. | J62: {=_xlfn.TEXTJOIN(", ",TRUE(),_xlfn._xlws.FILTER(#REF!,#REF!=_xlfn.SINGLE(Spkrs[Speaker]),"N/A"))} -> #REF! | K62: Rašāyda | N62: no information
A63: SAU_2025_Speaker7_Son | B63: NO | C63: M | D63: 2012 | E63: 10s | F63: estimated birth year | H63: Saudi Arabia | I63: son of SAU_2025_Speaker7 | J63: {=_xlfn.TEXTJOIN(", ",TRUE(),_xlfn._xlws.FILTER(#REF!,#REF!=_xlfn.SINGLE(Spkrs[Speaker]),"N/A"))} -> #REF! | K63: Rašāyda | N63: in school
A64: SAU_2025_Speaker9 | B64: YES | C64: M | D64: 1950s-60s | E64: 60s | F64: estimated | H64: Saudi Arabia | I64: from hail | J64: {=_xlfn.TEXTJOIN(", ",TRUE(),_xlfn._xlws.FILTER(#REF!,#REF!=_xlfn.SINGLE(Spkrs[Speaker]),"N/A"))} -> #REF! | K64: Rašāyda | N64: no information
A65: SAU_2025_Speaker12 | B65: YES | C65: M | D65: 1970s | E65: 50s | F65: estimated birth year | H65: Saudi Arabia | I65: educated and well travelled poet of the tribe | J65: {=_xlfn.TEXTJOIN(", ",TRUE(),_xlfn._xlws.FILTER(#REF!,#REF!=_xlfn.SINGLE(Spkrs[Speaker]),"N/A"))} -> #REF! | K65: Rašāyda | N65: highly educated
A66: SAU_2025_Speaker14 | B66: YES | C66: M | D66: 1960s | E66: 60s | F66: estimated birth year | H66: Saudi Arabia | I66: knows a lot about bedouin tradition | J66: {=_xlfn.TEXTJOIN(", ",TRUE(),_xlfn._xlws.FILTER(#REF!,#REF!=_xlfn.SINGLE(Spkrs[Speaker]),"N/A"))} -> #REF! | K66: Rašāyda - ʕawāmra | N66: no information
A67: SAU_2025_Speaker13 | B67: YES | C67: M | D67: 1960s | E67: 60s | F67: estimated birth year | H67: Saudi Arabia | I67: a camel herder, lives in the outskirts of Hait | J67: {=_xlfn.TEXTJOIN(", ",TRUE(),_xlfn._xlws.FILTER(#REF!,#REF!=_xlfn.SINGLE(Spkrs[Speaker]),"N/A"))} -> #REF! | K67: Rašāyda - ʕawāmra | N67: basic education
A68: SAU_2025_Speaker21 | B68: YES | C68: M | D68: 1980s | E68: 40s | F68: estimated birth year | H68: Saudi Arabia | I68: very educated and well mannered guy who also met Gunda. He works in Medina but he and his family are situated in Khaybar, Thimid. I took videos of him at the Dam. Unfortunately, he spoke fusha. | J68: {=_xlfn.TEXTJOIN(", ",TRUE(),_xlfn._xlws.FILTER(#REF!,#REF!=_xlfn.SINGLE(Spkrs[Speaker]),"N/A"))} -> #REF! | K68: Rašāyda - Farāsda | N68: highly educated
A69: SAU_2025_Speaker18 | B69: YES | C69: M | D69: 1970s | E69: 50s | F69: estimated birth year | H69: Saudi Arabia | I69: a teacher, lives in one of the small villages around Hait | J69: {=_xlfn.TEXTJOIN(", ",TRUE(),_xlfn._xlws.FILTER(#REF!,#REF!=_xlfn.SINGLE(Spkrs[Speaker]),"N/A"))} -> #REF! | K69: Rašāyda - ʕawāmra | N69: highly educated
A70: SAU_2025_Speaker31 | B70: YES | C70: F | D70: 2006 | E70: 20s | H70: Saudi Arabia | I70: student about to go to uni, daughter of Speaker6 | J70: {=_xlfn.TEXTJOIN(", ",TRUE(),_xlfn._xlws.FILTER(#REF!,#REF!=_xlfn.SINGLE(Spkrs[Speaker]),"N/A"))} -> #REF! | K70: Rašāyda - ʕawāmra | N70: highly educated
A71: SAU_2025_Speaker41 | B71: YES | C71: M | D71: 1950s | E71: 70s | F71: estimated birth year | H71: Saudi Arabia | I71: the mustašār of the rābiṭat ʕAbs | J71: {=_xlfn.TEXTJOIN(", ",TRUE(),_xlfn._xlws.FILTER(#REF!,#REF!=_xlfn.SINGLE(Spkrs[Speaker]),"N/A"))} -> #REF! | K71: Rašāyda - ʕawāmra | N71: highly educated
A72: SAU_2025_Speaker42 | B72: YES | C72: M | D72: 1939 | E72: 80s | H72: Saudi Arabia | I72: a very old man with a very young wife. | J72: {=_xlfn.TEXTJOIN(", ",TRUE(),_xlfn._xlws.FILTER(#REF!,#REF!=_xlfn.SINGLE(Spkrs[Speaker]),"N/A"))} -> #REF! | K72: Rašāyda - Mahāmza | N72: no to little education
A73: SAU_2025_Speaker47 | B73: YES | C73: M | D73: 1980 | E73: 40s | F73: estimated birth year | H73: Saudi Arabia | I73: very educated and open guy, a poet, has a very important job involved in culture in jeddah, he is from hail but has been living in jeddah for 15 years. | J73: {=_xlfn.TEXTJOIN(", ",TRUE(),_xlfn._xlws.FILTER(#REF!,#REF!=_xlfn.SINGLE(Spkrs[Speaker]),"N/A"))} -> #REF! | K73: Rašāyda | N73: highly educated
A74: SAU_2025_Rebecca | B74: YES | C74: F | J74: {=_xlfn.TEXTJOIN(", ",TRUE(),_xlfn._xlws.FILTER(#REF!,#REF!=_xlfn.SINGLE(Spkrs[Speaker]),"N/A"))} -> #REF!
J75: {=_xlfn.TEXTJOIN(", ",TRUE(),_xlfn._xlws.FILTER(#REF!,#REF!=_xlfn.SINGLE(Spkrs[Speaker]),"N/A"))} -> #REF!
A76: CL | B76: YES | C76: F | E76: 30s | J76: {=_xlfn.TEXTJOIN(", ",TRUE(),_xlfn._xlws.FILTER(Speakers_in_Recordings!$A$2:$A$1502,Speakers_in_Recordings!$B$2:$B$1502=_xlfn.SINGLE(Spkrs[Speaker]),"N/A"))} -> KS_F.68_Karantina_all, 01_NH_F.66_Karantina_hardlife, 02_NH_F.66_Karantina_ARMSandlanguageideologies, DZ_F.63_Karantina_all, BK_F.57_Karantina_lifestory, 1.1_KD_F.49_Karantina_IntroPortExplosion, 1.2_KD_F.49_Karantina_GermanyLanguage, 2.1_KD_F.49_Karantina_ARMSdialect.Tribes, 2.2_KD_F.49_Karantina_Bedouinidentity, 2.3_KD_F.49_Karantina_Bedouintraditions.Culture.Daughter, 2.4_KD_F.49_Karantina_Bedouindialects.languageideologies, 1.1_SS_F.45_Karantina_ArMsdialect, 1.2_SS_F.45_Karantina_ArMsD2, JS_F.19_Karantina_all, 01_S1_M.23_M.26_M.34_shabab
A77: AID | B77: YES | C77: F | D77: 1989 | E77: 30s | H77: Spain | J77: {=_xlfn.TEXTJOIN(", ",TRUE(),_xlfn._xlws.FILTER(Speakers_in_Recordings!$A$2:$A$1502,Speakers_in_Recordings!$B$2:$B$1502=_xlfn.SINGLE(Spkrs[Speaker]),"N/A"))} -> 04_NZ_M.73_Karantina_Pictures, 06_NZ_M.73_Karantina_eliciationIMP.StoryBedouinMan, 07_NZ_M.73_Karantina_languageUse.NewGeneration.cityVSvillage, 09_NZ_M.73_Karantina_creditSon.picturesWedding, 11_NZ_M.73_Karantina_historyKarantina2_TradeLanguageIdentity, 12_NZ_M.73_Karantina_ManzulDiwanConversationsReligion, 14_NZ_M.73_Karantina_Beirutbefore, 16_NZ_M.73_Karantina_SaidaFriends, 28_MA_M.71_Karantina_ArabilMaslax.ArabXalde, 30_MA_M.71_Karantina_BedouinDialect.Culture, 35_MA_M.71_Karantina_Beirut.Cinemas.Beef, 41_OD_M.72_Karantina_DialectLoss.Identity, 01_SKh_M.63_Karantina_proyect.F.44passesby, 02_SKh_M.63_Karantina_bedouindialectideologies, 03_SKh_M.63_Karantina_convowithkidsellingcoffee, 04_SKh_M.63_Karantina_convowithM.55, KS_F.68_Karantina_all, DZ_F.63_Karantina_all, BK_F.57_Karantina_lifestory, 1.1_KD_F.49_Karantina_IntroPortExplosion, 1.2_KD_F.49_Karantina_GermanyLanguage, 1.3_KD_F.49_Karantina_ReturntoKarantina, 1.4_KD_F.49_Karantina_SocialInjustice, 1.5_KD_F.49_Karantina_ConvowithKZ.Elections, 1.1_SS_F.45_Karantina_ArMsdialect, 1.2_SS_F.45_Karantina_ArMsD2, 1.3_SS_F.45_Karantina_ArMsbeforeandnow, 2.1_SS_F.45_Karantina_dialectEvolved, 2.2_SS_F.45_Karantina_secretcode, 2.3_SS_F.45_Karantina_ArabLheb, 2.4_SS_F.45_Karantina_ArabalMaslakhinGermany, 2.5_SS_F.45_Karantina_SyriansinKarantina, 2.6_SS_F.45_Karantina_Karantinabefore, 2.7_SS_F.45_Karantina_MarriageamongARMS, 2.8_SS_F.45_Karantina_ViolenceandWomen, 2.9_SS_F.45_Karantina_deadsister, 2.10_SS_F.45_Karantina_Storyneighbor, 2.11_SS_F.45_Karantina_Storydeadpeople, 2.12_SS_F.45_Karantina_Exfiancee, 2.13_SS_F.45_Karantina_Exfiancee2, JS_F.19_Karantina_all, 03_RD_M.61_Khalde_DialectandAuthenticity, 09_RD_M.61_Khalde_khashm_purityofBedouinArabic, 01_HD_M.31_Khalde_QuestionnairegrammarPart1, 02_HD_M.31_Khalde_QuestionnairegrammarPart2, 03_HD_M.31_Khalde_QuestionnairegrammarPart3_akalparadigms_ipfv3plmdiscussion, 04_HD_M.31_Khalde_QuestionnairegrammarPart4, 06_HD_M.31_Khalde_QuestionnairegrammarPart6, 07_HD_M.31_Khalde_QuestionnairegrammarPart7, 11_HD_M.31_Khalde_QuestionnairevisualPart3_tarakdashar3af
A78: LEB_KAR_2023_NZ_M.73_Speaker1 | B78: YES | C78: M | D78: 1950 | E78: 70s | F78: PrW1 | H78: El-Karantina | J78: {=_xlfn.TEXTJOIN(", ",TRUE(),_xlfn._xlws.FILTER(Speakers_in_Recordings!$A$2:$A$1502,Speakers_in_Recordings!$B$2:$B$1502=_xlfn.SINGLE(Spkrs[Speaker]),"N/A"))} -> 01_NZ_M.73_Karantina_FirstEncounter, 02_NZ_M.73_Karantina_BedouinWeddings, 03_NZ_M.73_Karantina_historyKarantina, 04_NZ_M.73_Karantina_Pictures, 05_NZ_M.73_Karantina_shyuxa, 06_NZ_M.73_Karantina_eliciationIMP.StoryBedouinMan, 07_NZ_M.73_Karantina_languageUse.NewGeneration.cityVSvillage, 08_NZ_M.73_Karantina_hisFamily, 09_NZ_M.73_Karantina_creditSon.picturesWedding, 10_NZ_M.73_Karantina_GardenPlantsMarketVegetables, 11_NZ_M.73_Karantina_historyKarantina2_TradeLanguageIdentity, 12_NZ_M.73_Karantina_ManzulDiwanConversationsReligion, 13_NZ_M.73_Karantina_AnimalmarketFoodpreparation, 14_NZ_M.73_Karantina_Beirutbefore, 15_NZ_M.73_Karantina_ProphetstoryValues, 16_NZ_M.73_Karantina_SaidaFriends, 17_NZ_M.73_Karantina_shadirStory, 18_NZ_M.73_Karantina_tamerStory | K78: Naim | L78: Lebanese | M78: yes | N78: no education
A79: LEB_KAR_2022_MA_M.71_Speaker2 | B79: YES | C79: M | D79: 1952 | E79: 70s | F79: PrW1 | H79: El-Karantina | J79: {=_xlfn.TEXTJOIN(", ",TRUE(),_xlfn._xlws.FILTER(Speakers_in_Recordings!$A$2:$A$1502,Speakers_in_Recordings!$B$2:$B$1502=_xlfn.SINGLE(Spkrs[Speaker]),"N/A"))} -> 19_MA_M.71_Karantina_Birth.CivilWar1, 20_MA_M.71_Karantina_PreWarKarantina.Neighborhood.Misery.Death, 21_MA_M.71_Karantina_CivilWar.Exile.Reputation, 22_MA_M.71_Karantina_Cheap.Traders.Cattle.Eid, 23_MA_M.71_Karantina_ArmeniansInKarantina, 24_MA_M.71_Karantina_Maslax1.dailyRoutine, 25_MA_M.71_Karantina_Maslax2.howitworked, 26_MA_M.71_Karantina_Maslax3.meatbusiness, 27_MA_M.71_Karantina_Trips.Lira, 28_MA_M.71_Karantina_ArabilMaslax.ArabXalde, 29_MA_M.71_Karantina_ArabTribesLebanon, 30_MA_M.71_Karantina_BedouinDialect.Culture, 31_MA_M.71_Karantina_Foodprices.Clothes.Attitude, 32_MA_M.71_Karantina_Actors.Cars, 33_MA_M.71_Karantina_Childhood.Poverty.House, 34_MA_M.71_Karantina_StoriesofPreWarKarantina.Boat.Drugs, 35_MA_M.71_Karantina_Beirut.Cinemas.Beef, 36_MA_M.71_Karantina_PortExplosion, 37_MA_M.71_Karantina_BreakfastandGossip | K79: Zraykat | L79: Lebanese | M79: yes | N79: primary school
A80: LEB_KAR_2022_OD_M.72_Speaker3 | B80: YES | C80: M | D80: 1951 | E80: 70s | F80: PrW1 | H80: El-Karantina | J80: {=_xlfn.TEXTJOIN(", ",TRUE(),_xlfn._xlws.FILTER(Speakers_in_Recordings!$A$2:$A$1502,Speakers_in_Recordings!$B$2:$B$1502=_xlfn.SINGLE(Spkrs[Speaker]),"N/A"))} -> 38_OD_M.72_Karantina_Arab.Tribe.Dialect, 39_OD_M.72_Karantina_CivilWar, 40_OD_M.72_Karantina_ArabilMaslax, 41_OD_M.72_Karantina_DialectLoss.Identity, 42_OD_M.72_Karantina_Picturesprepositions | K80: Zraykat | L80: Lebanese | M80: yes | N80: primary school
A81: LEB_KAR_2022_KS_F.68_Speaker4 | B81: YES | C81: F | D81: 1955 | E81: 60s | F81: PrW1 | H81: El-Karantina | J81: {=_xlfn.TEXTJOIN(", ",TRUE(),_xlfn._xlws.FILTER(Speakers_in_Recordings!$A$2:$A$1502,Speakers_in_Recordings!$B$2:$B$1502=_xlfn.SINGLE(Spkrs[Speaker]),"N/A"))} -> KS_F.68_Karantina_all | K81: Aransa | L81: Lebanese | M81: no | N81: no education
A82: LEB_KAR_2022_KS_M.65_Speaker5 | B82: YES | C82: M | D82: 1958 | E82: 60s | F82: PrW2 | H82: El-Karantina | J82: {=_xlfn.TEXTJOIN(", ",TRUE(),_xlfn._xlws.FILTER(Speakers_in_Recordings!$A$2:$A$1502,Speakers_in_Recordings!$B$2:$B$1502=_xlfn.SINGLE(Spkrs[Speaker]),"N/A"))} -> 43_KS_M.65_Karantina_BedouinWeddings1, 44_KS_M.65_Karantina_BedouinWeddings2, 45_KS_M.65_Karantina_Bedouincoffee, 46_KS_M.65_Karantina_Bodyparts.elicitation, 47_KS_M.65_Karantina_Questionnaire, 48_KS_M.65_Karantina_Prepositions.elicitation, 49_KS_M.65_Karantina_Actions.elicitation, BK_F.57_Karantina_lifestory | K82: Naim | L82: Lebanese | M82: yes | N82: high school
A83: LEB_KAR_2022_DZ_F.63_Speaker6 | B83: YES | C83: F | D83: 1960 | E83: 60s | F83: PrW2 | H83: El-Karantina | J83: {=_xlfn.TEXTJOIN(", ",TRUE(),_xlfn._xlws.FILTER(Speakers_in_Recordings!$A$2:$A$1502,Speakers_in_Recordings!$B$2:$B$1502=_xlfn.SINGLE(Spkrs[Speaker]),"N/A"))} -> DZ_F.63_Karantina_all | K83: Naim | L83: Palestinian | M83: no | N83: primary school
A84: LEB_KAR_2023_SKh_M.63_Speaker7 | B84: YES | C84: M | D84: 1960 | E84: 60s | F84: PrW2 | H84: El-Karantina | J84: {=_xlfn.TEXTJOIN(", ",TRUE(),_xlfn._xlws.FILTER(Speakers_in_Recordings!$A$2:$A$1502,Speakers_in_Recordings!$B$2:$B$1502=_xlfn.SINGLE(Spkrs[Speaker]),"N/A"))} -> 01_SKh_M.63_Karantina_proyect.F.44passesby, 02_SKh_M.63_Karantina_bedouindialectideologies, 03_SKh_M.63_Karantina_convowithkidsellingcoffee, 04_SKh_M.63_Karantina_convowithM.55 | K84: Zraykat | L84: Lebanese | M84: no | N84: university
A85: LEB_KAR_2023_AS_F.56_Speaker8 | B85: YES | C85: F | D85: 1967 | E85: 50s | F85: WD1 | H85: El-Karantina | I85: Sister of F.45, F.46 and F.55 | J85: {=_xlfn.TEXTJOIN(", ",TRUE(),_xlfn._xlws.FILTER(Speakers_in_Recordings!$A$2:$A$1502,Speakers_in_Recordings!$B$2:$B$1502=_xlfn.SINGLE(Spkrs[Speaker]),"N/A"))} -> 1.3_SS_F.45_Karantina_ArMsbeforeandnow, 2.1_SS_F.45_Karantina_dialectEvolved, 2.2_SS_F.45_Karantina_secretcode, 2.3_SS_F.45_Karantina_ArabLheb, 2.4_SS_F.45_Karantina_ArabalMaslakhinGermany, 2.5_SS_F.45_Karantina_SyriansinKarantina, 2.6_SS_F.45_Karantina_Karantinabefore, 2.7_SS_F.45_Karantina_MarriageamongARMS, 2.8_SS_F.45_Karantina_ViolenceandWomen, 2.9_SS_F.45_Karantina_deadsister, 2.10_SS_F.45_Karantina_Storyneighbor, 2.11_SS_F.45_Karantina_Storydeadpeople | K85: Zraykat | L85: Lebanese | M85: no | N85: primary school
A86: LEB_KAR_2023_IS_F.55_Speaker9 | B86: YES | C86: F | D86: 1968 | E86: 50s | F86: WD1 | H86: El-Karantina | I86: Sister of F.45, F.46 and F.56 | J86: {=_xlfn.TEXTJOIN(", ",TRUE(),_xlfn._xlws.FILTER(Speakers_in_Recordings!$A$2:$A$1502,Speakers_in_Recordings!$B$2:$B$1502=_xlfn.SINGLE(Spkrs[Speaker]),"N/A"))} -> 1.2_SS_F.45_Karantina_ArMsD2, 1.3_SS_F.45_Karantina_ArMsbeforeandnow, 2.1_SS_F.45_Karantina_dialectEvolved, 2.2_SS_F.45_Karantina_secretcode, 2.3_SS_F.45_Karantina_ArabLheb, 2.4_SS_F.45_Karantina_ArabalMaslakhinGermany, 2.5_SS_F.45_Karantina_SyriansinKarantina, 2.6_SS_F.45_Karantina_Karantinabefore, 2.7_SS_F.45_Karantina_MarriageamongARMS, 2.8_SS_F.45_Karantina_ViolenceandWomen, 2.9_SS_F.45_Karantina_deadsister, 2.10_SS_F.45_Karantina_Storyneighbor, 2.11_SS_F.45_Karantina_Storydeadpeople | K86: Zraykat | L86: Lebanese | M86: no | N86: primary school
A87: LEB_KAR_2023_SS_F.45_Speaker10 | B87: YES | C87: F | D87: 1978 | E87: 40s | F87: WD2 | H87: El-Karantina | I87: Sister of F.55, F.46 and F.56, Mother of F.18 | J87: {=_xlfn.TEXTJOIN(", ",TRUE(),_xlfn._xlws.FILTER(Speakers_in_Recordings!$A$2:$A$1502,Speakers_in_Recordings!$B$2:$B$1502=_xlfn.SINGLE(Spkrs[Speaker]),"N/A"))} -> 1.1_SS_F.45_Karantina_ArMsdialect, 1.2_SS_F.45_Karantina_ArMsD2, 1.3_SS_F.45_Karantina_ArMsbeforeandnow, 2.1_SS_F.45_Karantina_dialectEvolved, 2.2_SS_F.45_Karantina_secretcode, 2.3_SS_F.45_Karantina_ArabLheb, 2.4_SS_F.45_Karantina_ArabalMaslakhinGermany, 2.5_SS_F.45_Karantina_SyriansinKarantina, 2.6_SS_F.45_Karantina_Karantinabefore, 2.7_SS_F.45_Karantina_MarriageamongARMS, 2.8_SS_F.45_Karantina_ViolenceandWomen, 2.9_SS_F.45_Karantina_deadsister, 2.10_SS_F.45_Karantina_Storyneighbor, 2.11_SS_F.45_Karantina_Storydeadpeople, 2.12_SS_F.45_Karantina_Exfiancee, 2.13_SS_F.45_Karantina_Exfiancee2 | K87: Zraykat | L87: Lebanese | M87: no | N87: high school
A88: LEB_KAR_2023_CB_F.18_Speaker11 | B88: YES | C88: F | D88: 2005 | E88: 20s | F88: PsW | H88: El-Karantina | I88: Daugther of F.45 | J88: {=_xlfn.TEXTJOIN(", ",TRUE(),_xlfn._xlws.FILTER(Speakers_in_Recordings!$A$2:$A$1502,Speakers_in_Recordings!$B$2:$B$1502=_xlfn.SINGLE(Spkrs[Speaker]),"N/A"))} -> 1.1_SS_F.45_Karantina_ArMsdialect, 1.2_SS_F.45_Karantina_ArMsD2, 1.3_SS_F.45_Karantina_ArMsbeforeandnow, 2.2_SS_F.45_Karantina_secretcode, 2.4_SS_F.45_Karantina_ArabalMaslakhinGermany, 2.5_SS_F.45_Karantina_SyriansinKarantina, 2.6_SS_F.45_Karantina_Karantinabefore, 2.11_SS_F.45_Karantina_Storydeadpeople, 2.12_SS_F.45_Karantina_Exfiancee, 2.13_SS_F.45_Karantina_Exfiancee2 | K88: Zraykat | L88: Lebanese | M88: no | N88: university
A89: LEB_KAR_2022_KZ_M.27_Speaker12 | B89: YES | C89: M | D89: 1995 | E89: 20s | F89: PsW | H89: Naameh | J89: {=_xlfn.TEXTJOIN(", ",TRUE(),_xlfn._xlws.FILTER(Speakers_in_Recordings!$A$2:$A$1502,Speakers_in_Recordings!$B$2:$B$1502=_xlfn.SINGLE(Spkrs[Speaker]),"N/A"))} -> 19_MA_M.71_Karantina_Birth.CivilWar1, 23_MA_M.71_Karantina_ArmeniansInKarantina, 24_MA_M.71_Karantina_Maslax1.dailyRoutine, 28_MA_M.71_Karantina_ArabilMaslax.ArabXalde, 30_MA_M.71_Karantina_BedouinDialect.Culture, 31_MA_M.71_Karantina_Foodprices.Clothes.Attitude, 32_MA_M.71_Karantina_Actors.Cars, 33_MA_M.71_Karantina_Childhood.Poverty.House, 34_MA_M.71_Karantina_StoriesofPreWarKarantina.Boat.Drugs, 36_MA_M.71_Karantina_PortExplosion, 38_OD_M.72_Karantina_Arab.Tribe.Dialect, 39_OD_M.72_Karantina_CivilWar, 40_OD_M.72_Karantina_ArabilMaslax, 41_OD_M.72_Karantina_DialectLoss.Identity, KS_F.68_Karantina_all, DZ_F.63_Karantina_all, 1.1_KD_F.49_Karantina_IntroPortExplosion, 1.2_KD_F.49_Karantina_GermanyLanguage, 1.3_KD_F.49_Karantina_ReturntoKarantina, 1.4_KD_F.49_Karantina_SocialInjustice, 1.5_KD_F.49_Karantina_ConvowithKZ.Elections, 01_AD_F.67_Naameh_Maslaxbefore1, 02_AD_F.67_Naameh_Maslaxbefore2, 03_AD_F.67_Naameh_Maslaxbefore3, 04_AD_F.67_Naameh_Maslaxbefore4, 05_AD_F.67_Naameh_Maslaxbefore5, 06_AD_F.67_Naameh_Maslaxbefore6, 07_AD_F.67_Naameh_Maslakhbefore7, 01_XX_F.59_Naameh_intro, 02_XX_F.59_Naameh_arms, 01_BL_M.41_Marj_Bedouinsociety_history, 02_BL_M.41_Marj_Islamictraditions_Nasab_visualelicitation | K89: Naim | L89: Lebanese | M89: no | N89: university
A90: LEB_KAR_2022_AA_F.69_Speaker13 | B90: NO | C90: F | D90: 1954 | E90: 60s | F90: PrW1 | H90: El-Karantina | I90: First wife of M.71 | J90: {=_xlfn.TEXTJOIN(", ",TRUE(),_xlfn._xlws.FILTER(Speakers_in_Recordings!$A$2:$A$1502,Speakers_in_Recordings!$B$2:$B$1502=_xlfn.SINGLE(Spkrs[Speaker]),"N/A"))} -> 19_MA_M.71_Karantina_Birth.CivilWar1, 36_MA_M.71_Karantina_PortExplosion, 37_MA_M.71_Karantina_BreakfastandGossip | K90: Zraykat | L90: Lebanese | M90: no | N90: primary school
A91: LEB_KAR_2022_KD_F.49_Speaker14 | B91: YES | C91: F | D91: 1974 | E91: 50s | F91: WD1 | H91: El-Karantina | I91: Daughter of M.72 | J91: {=_xlfn.TEXTJOIN(", ",TRUE(),_xlfn._xlws.FILTER(Speakers_in_Recordings!$A$2:$A$1502,Speakers_in_Recordings!$B$2:$B$1502=_xlfn.SINGLE(Spkrs[Speaker]),"N/A"))} -> 1.1_KD_F.49_Karantina_IntroPortExplosion, 1.2_KD_F.49_Karantina_GermanyLanguage, 1.3_KD_F.49_Karantina_ReturntoKarantina, 1.4_KD_F.49_Karantina_SocialInjustice, 1.5_KD_F.49_Karantina_ConvowithKZ.Elections, 2.1_KD_F.49_Karantina_ARMSdialect.Tribes, 2.2_KD_F.49_Karantina_Bedouinidentity, 2.3_KD_F.49_Karantina_Bedouintraditions.Culture.Daughter, 2.4_KD_F.49_Karantina_Bedouindialects.languageideologies | K91: Zraykat | L91: Lebanese | M91: no | N91: high school
A92: LEB_KAR_2022_AK_F.21_Speaker15 | B92: NO | C92: F | D92: 2002 | E92: 20s | F92: PsW | H92: El-Karantina | I92: Daughter of F.49 | J92: {=_xlfn.TEXTJOIN(", ",TRUE(),_xlfn._xlws.FILTER(Speakers_in_Recordings!$A$2:$A$1502,Speakers_in_Recordings!$B$2:$B$1502=_xlfn.SINGLE(Spkrs[Speaker]),"N/A"))} -> 2.3_KD_F.49_Karantina_Bedouintraditions.Culture.Daughter | K92: Zraykat | L92: Lebanese | M92: no | N92: university
A93: LEB_KAR_2023_AK_F.16_Speaker16 | B93: NO | C93: F | D93: 2007 | E93: 20s | F93: PsW | H93: El-Karantina | I93: Daugther of F.45 | J93: {=_xlfn.TEXTJOIN(", ",TRUE(),_xlfn._xlws.FILTER(Speakers_in_Recordings!$A$2:$A$1502,Speakers_in_Recordings!$B$2:$B$1502=_xlfn.SINGLE(Spkrs[Speaker]),"N/A"))} -> 1.1_SS_F.45_Karantina_ArMsdialect, 1.2_SS_F.45_Karantina_ArMsD2, 1.3_SS_F.45_Karantina_ArMsbeforeandnow | K93: Zraykat | L93: Lebanese | M93: no | N93: high school
A94: LEB_KAR_2023_NK_F.20_Speaker17 | B94: YES | C94: F | D94: 2002 | E94: 20s | F94: PsW | H94: El-Karantina | I94: Cousin of F.18 and F.16 | J94: {=_xlfn.TEXTJOIN(", ",TRUE(),_xlfn._xlws.FILTER(Speakers_in_Recordings!$A$2:$A$1502,Speakers_in_Recordings!$B$2:$B$1502=_xlfn.SINGLE(Spkrs[Speaker]),"N/A"))} -> 1.1_SS_F.45_Karantina_ArMsdialect, 1.2_SS_F.45_Karantina_ArMsD2, 1.3_SS_F.45_Karantina_ArMsbeforeandnow | K94: Zraykat | L94: Lebanese | M94: no | N94: high school
A95: LEB_KAR_2022_JS_F.19_Speaker19 | B95: YES | C95: F | D95: 2003 | E95: 20s | F95: PsW | H95: El-Karantina | I95: Daughter of M.65 | J95: {=_xlfn.TEXTJOIN(", ",TRUE(),_xlfn._xlws.FILTER(Speakers_in_Recordings!$A$2:$A$1502,Speakers_in_Recordings!$B$2:$B$1502=_xlfn.SINGLE(Spkrs[Speaker]),"N/A"))} -> JS_F.19_Karantina_all | K95: Naim | L95: Lebanese | M95: no | N95: university
A96: LEB_KAR_2023_BK_F.57_Speaker20 | B96: YES | C96: F | D96: 1966 | E96: 50s | F96: WD1 | H96: El-Karantina | I96: Wife of M.65 | J96: {=_xlfn.TEXTJOIN(", ",TRUE(),_xlfn._xlws.FILTER(Speakers_in_Recordings!$A$2:$A$1502,Speakers_in_Recordings!$B$2:$B$1502=_xlfn.SINGLE(Spkrs[Speaker]),"N/A"))} -> BK_F.57_Karantina_lifestory | K96: Naim | L96: Palestinian | M96: no | N96: primary school
A97: LEB_KAR_2023_ZK_M.55_Speaker21 | B97: YES | C97: M | D97: 1968 | E97: 50s | F97: WD1 | H97: El-Karantina | J97: {=_xlfn.TEXTJOIN(", ",TRUE(),_xlfn._xlws.FILTER(Speakers_in_Recordings!$A$2:$A$1502,Speakers_in_Recordings!$B$2:$B$1502=_xlfn.SINGLE(Spkrs[Speaker]),"N/A"))} -> 04_SKh_M.63_Karantina_convowithM.55 | K97: Zraykat | L97: Lebanese | M97: no | N97: primary school
A98: LEB_KAR_2023_AY_F.44_Speaker22 | B98: YES | C98: F | D98: 1979 | E98: 40s | F98: WD2 | H98: El-Karantina | J98: {=_xlfn.TEXTJOIN(", ",TRUE(),_xlfn._xlws.FILTER(Speakers_in_Recordings!$A$2:$A$1502,Speakers_in_Recordings!$B$2:$B$1502=_xlfn.SINGLE(Spkrs[Speaker]),"N/A"))} -> 01_SKh_M.63_Karantina_proyect.F.44passesby, 04_SKh_M.63_Karantina_convowithM.55 | K98: Naim | L98: Lebanese | M98: no | N98: high school
A99: LEB_KAR_2023_AD_M.64_Speaker23 | B99: YES | C99: M | D99: 1959 | E99: 60s | F99: PrW2 | H99: El-Karantina | J99: {=_xlfn.TEXTJOIN(", ",TRUE(),_xlfn._xlws.FILTER(Speakers_in_Recordings!$A$2:$A$1502,Speakers_in_Recordings!$B$2:$B$1502=_xlfn.SINGLE(Spkrs[Speaker]),"N/A"))} -> 02_SKh_M.63_Karantina_bedouindialectideologies, 03_SKh_M.63_Karantina_convowithkidsellingcoffee | K99: Naim | L99: Lebanese | M99: no | N99: high school
A100: LEB_KAR_2023_NH_F.66_Speaker24 | B100: YES | C100: F | D100: 1957 | E100: 60s | F100: PrW1 | H100: El-Karantina | I100: Owner of a small shop in Karantina | J100: {=_xlfn.TEXTJOIN(", ",TRUE(),_xlfn._xlws.FILTER(Speakers_in_Recordings!$A$2:$A$1502,Speakers_in_Recordings!$B$2:$B$1502=_xlfn.SINGLE(Spkrs[Speaker]),"N/A"))} -> 01_NH_F.66_Karantina_hardlife, 02_NH_F.66_Karantina_ARMSandlanguageideologies | K100: Aransa | L100: Lebanese | M100: no | N100: primary school
...

Sheet Campaigns
A1: Campaign | B1: ID | C1: Placename | D1: Note | E1: Type | F1: From | G1: To
A2: Al-Ula Fieldwork Campaign Ana Iriarte Diez and Stephan Procházka 2025 | B2: SAU_2025_AID_SP | C2: Saudi Arabia | E2: campaign
A3: Lebanon Fieldwork Campaign Ana Iriarte Diez 2023 | B3: LEB_2023_AID | C3: Lebanon | E3: campaign | F3: 45057 | G3: 45077
A4: Lebanon Fieldwork Campaign Ana Iriarte Diez 2022 | B4: LEB_2022_AID | C4: Lebanon | E4: campaign | F4: 44614 | G4: 44638
A5: Lebanon Fieldwork Campaign Claudia Laaber 2022 | B5: LEB_2022_CL | C5: Lebanon | E5: campaign | F5: 44614 | G5: 44638
A6: Jordan Fieldwork Campaign Claudia Laaber 2022 | B6: JOR_2022_CL | C6: Jordan | E6: campaign | F6: 44682 | G6: 44712
A7: Morocco Fieldwork Campaign Terlan Djavadova 2022 | B7: MOR_2022_TD | C7: Morocco | E7: campaign | F7: 44621 | G7: 44651
A8: Sudan Fieldwork Campaign Stanley Kochem 2023 | B8: SDN_2023_SK | C8: Sudan | D8: Rashayda of Mwēs (Shendi) | E8: campaign | F8: 44966 | G8: 45008
A9: Sudan Fieldwork Campaign Stefan Reichmuth 1974 and 1978 | B9: SDN_1974-1978_SR | C9: Sudan | D9: Digitalized cassettes of Reichmuth's fieldwork in Eastern Sudan in 1974 and in Khartoum in 1978 | E9: campaign | F9: 27030 | G9: 28855
A10: Turkey Fieldwork Campaign Stephan Procházka 2002-2025 | B10: TUR_2002-2022_SP | C10: Turkey | E10: campaign | F10: 37469 | G10: 44895
A11: Jordan Fieldwork Campaign Antonella Torzullo 2021 | B11: JOR_2021_AT_OEAW | C11: Jordan | E11: campaign | F11: 44430 | G11: 44474
A12: Jordan Fieldwork Campaign Antonella Torzullo 2022 | B12: JOR_2022_AT_OEAW | C12: Jordan | E12: campaign | F12: 44698 | G12: 44709
A13: Jordan Fieldwork Campaign Antonella Torzullo 2023 | B13: JOR_2023_AT | C13: Jordan | E13: campaign | F13: 45173 | G13: 45207
A14: Saudi Arabia Fieldwork Campaign Gunda Kinzl 2022 | B14: SAU_2022_GK | C14: Saudi Arabia | D14: The data from this fieldwork is now handled by RZ | E14: campaign | F14: 44619 | G14: 44650
A15: Kuwait Fieldwork Campaign Gunda Kinzl 2022 | B15: KUW_2022_GK | C15: Kuwait | D15: The end date of this fieldwork is approximate (RZ could not find the real end-of-fieldwork date in GK´s notes). The data from this fieldwork is now handled by RZ | E15: campaign | F15: 44688 | G15: 44719
A16: Jordan Fieldwork Campaign Maria Rebecca Zarb 2024 | B16: JOR_2024_RZ | C16: Jordan | E16: campaign | F16: 45406 | G16: 45427
A17: Saudi Arabia Fieldwork Campaign Maria Rebecca Zarb 2025 | B17: SAU_2025_RZ | C17: Saudi Arabia | E17: campaign | F17: 45684 | G17: 45717
H18: DO NOT EDIT
H19: The content of this sheet is fetched from 010_manannot/wibarab_sources.xml

Sheet Speakers_in_Recordings
A1: Recording | B1: Speaker | D1: TEXT SPEAKER TABLE
A2: SAU_2022_Speaker10_marriage_1 | B2: SAU_2022_Speaker10 | D2: The values will be shown in the Recordings table.
A3: SAU_2022_Speaker10_marriage_1 | B3: SAU_2022_Gunda
A4: SAU_2022_Speaker20_traditionaltools | B4: SAU_2022_Speaker20 | C4: #
A5: SAU_2022_Speaker20_traditionaltools | B5: SAU_2022_Speaker9
A6: SAU_2022_Speaker20_traditionaltools | B6: SAU_2022_CulturalInformant
A7: SAU_2022_Speaker20_shepherd | B7: SAU_2022_Speaker20
A8: SAU_2022_Speaker20_traditionalaccessories | B8: SAU_2022_Speaker20
A9: SAU_2022_Speaker20_traditionalaccessories | B9: SAU_2022_Gunda
A10: SAU_2022_Speaker20_traditionalkitchen | B10: SAU_2022_Speaker20
A11: SAU_2022_Speaker20_traditionalkitchen | B11: SAU_2022_Gunda
A12: SAU_2022_Speaker20_traditionalkitchen | B12: SAU_2022_Speaker9
A13: SAU_2022_Speaker20_traditionalkitchen | B13: SAU_2022_CulturalInformant
A14: SAU_2022_Speaker20_moretraditionalthings | B14: SAU_2022_Speaker20
A15: SAU_2022_Speaker20_moretraditionalthings | B15: SAU_2022_Gunda
A16: SAU_2022_Speaker20_moretraditionalthings | B16: SAU_2022_Speaker9
... A121: SAU_2022_Speaker14_Weaving_weddings | B121: SAU_2022_Weaver2
A122: KUW_2022_Speaker10_Questionnaire_1 | B122: KUW_2022_Speaker10 | C122: #
A123: KUW_2022_Speaker10_Questionnaire_1 | B123: KUW_2022_UnknownMan1withSpeaker10
A124: KUW_2022_Speaker10_Questionnaire_1 | B124: KUW_2022_UnknownMan2withSpeaker10
A125: KUW_2022_Speaker10_Questionnaire_1 | B125: KUW_2022_Gunda
A126: KUW_2022_Speaker10_Questionnaire_2 | B126: KUW_2022_Speaker10 | C126: #
A127: KUW_2022_Speaker10_Questionnaire_2 | B127: KUW_2022_UnknownMan1withSpeaker10
A128: KUW_2022_Speaker10_Questionnaire_2 | B128: KUW_2022_UnknownMan2withSpeaker10
A129: KUW_2022_Speaker10_Questionnaire_3 | B129: KUW_2022_Speaker10 | C129: #
A130: KUW_2022_Speaker10_Questionnaire_3 | B130: KUW_2022_UnknownMan1withSpeaker10
A131: KUW_2022_Speaker10_Questionnaire_3 | B131: KUW_2022_UnknownMan2withSpeaker10
A132: KUW_2022_Speaker10_Questionnaire_3 | B132: KUW_2022_Gunda
A133: KUW_2022_Speaker10_Questionnaire_5 | B133: KUW_2022_Speaker10 | C133: #
A134: KUW_2022_Speaker10_Questionnaire_5 | B134: KUW_2022_UnknownMan1withSpeaker10
A135: KUW_2022_Speaker10_Questionnaire_5 | B135: KUW_2022_UnknownMan2withSpeaker10
A136: Questionnaire_KUW_2022_Speaker3_Speaker6_Speaker11_1 | B136: KUW_2022_Speaker3
A137: Questionnaire_KUW_2022_Speaker3_Speaker6_Speaker11_1 | B137: KUW_2022_Speaker6
A138: Questionnaire_KUW_2022_Speaker3_Speaker6_Speaker11_1 | B138: KUW_2022_Speaker11
A139: Questionnaire_KUW_2022_Speaker3_Speaker6_Speaker11_1 | B139: KUW_2022_Gunda
A140: Questionnaire_KUW_2022_Speaker3_Speaker6_1 | B140: KUW_2022_Speaker3
A141: Questionnaire_KUW_2022_Speaker3_Speaker6_1 | B141: KUW_2022_Speaker6
A142: Questionnaire_KUW_2022_Speaker3_Speaker6_1 | B142: KUW_2022_Gunda
A143: Questionnaire_KUW_2022_Speaker3_Speaker6_2 | B143: KUW_2022_Speaker3
A144: Questionnaire_KUW_2022_Speaker3_Speaker6_2 | B144: KUW_2022_Speaker6
A145: Questionnaire_KUW_2022_Speaker3_Speaker6_2 | B145: KUW_2022_Gunda
... A1041: SUD_2023_Speaker5_history | B1041: SUD_2023_Speaker5

Sheet Subjects_in_Recordings
A1: Recording | B1: Subject | D1: TEXT SUBJECT TABLE
A2: SAU_2022_Speaker10_marriage_1 | B2: Marriage | D2: The values will be shown in the Recordings table.
A3: SAU_2022_Speaker20_traditionaltools | B3: Tools
A4: SAU_2022_Speaker20_shepherd | B4: Herding
A5: SAU_2022_Speaker20_traditionalaccessories | B5: Tribal Traditions
A6: SAU_2022_Speaker20_traditionalkitchen | B6: Tribal Traditions
A7: SAU_2022_Speaker20_moretraditionalthings | B7: Tribal Traditions
A8: SAU_2022_Speaker14_childhood_womenswork | B8: Women's work
A9: SAU_2022_Speaker14_childhood_womenswork | B9: Childhood
A10: KUW_2022_Speaker8_neighbourhood | B10: Houses
A11: KUW_2022_Speaker8_education | B11: Education
A12: KUW_2022_Speaker8_family | B12: Family
A13: KUW_2022_Speaker8_wedding | B13: Marriage
A14: KUW_2022_Speaker8_lifedevelopments_cooking | B14: Food recipees
... A889: Syria-085 | B889: Voracious Man

Sheet Subjects
A1: Label | B1: Definition
A2: Bedouin tents
A3: Cheikhs and eldest
A4: Childhood | B4: Speaker talks about their childhood
A5: Coffee | B5: coffee traditions
A6: Daily life
A7: Driving | B7: Speaker talks about the act of driving (especially in the context of women in Saudi Arabia)
A8: Education | B8: Speaker talks about the education in their country (either present or of their childhood)
A9: Family
A10: Feasts | B10: Speaker talks about regional, local or religious feasts
A11: Food recipees
A12: Funerals | B12: Speaker talks about sayings related to funerals, the process that occurs after the death of a beloved, the process of mourning etc.
A13: Herding | B13: Speaker talks about their work with cattle/herds
A14: History general
A15: Houses | B15: Speaker talks about the houses, their material in the past or the present or how they have changed
A16: Language and identity
A17: Markets and food prices
A18: Marriage | B18: Speaker explains marriage traditions
A19: Old men gatherings
A20: Religion
A21: Rural vs city life
A22: Stories, jokes and tales
A23: Tools | B23: Speaker talks about tools and other such items
A24: Tribal History | B24: Speaker talks about the history of their tribe
A25: Visual elicitation
A26: Women's work | B26: Speaker talks about the domestic work of women
A27: Agriculture
A28: Civil War | B28: Civil war in Lebanon 1975-1990
A29: Poverty | B29: Poverty and misery
A30: Exile | B30: Displacement during the civil war
A31: Questionnaire | B31: WIBARAB (or other) questionnaire
A32: Community identity
A33: Tribal Traditions
A34: Oral literature - Poetry
A35: Falcons
A36: Migration and diaspora
A37: Slavery | B37: Slave trade; Recalling times when slavery was allowed in Kuwait, abolishment of slavery
A38: Modern games | B38: Talking about playstation and fortnite with a little boy
A39: Racism | B39: Inter-tribal racism, racism between shiia and sunni (Kuwait), etc.
A40: Henna | B40: Practices and traditions surrounding Henna
A41: Lexicon | B41: Informants provide a list of words that they deem as specific to their dialect or Bedouin Arabic without it being tied with visual elicitation or questionnaires
A42: Pets
A43: Argument | B43: Mother and daughter get into a small argument about the ideal children's upbringing
A44: Childbirth | B44: preparing for pregnancy, during pregnancy, after
A45: Neighborhood
A46: Neighbor communities
A47: Slaughterhouse
A48: Port Explosion
A49: Concept of 3eyb and Haram | B49: Cultural practices associated with 3eyb and the difference between 3eyb and haram
A50: Weaving | B50: traditional Bedouin weaving
A51: Grammar
A52: Social injustice
A53: Politics
A54: Gossip
A55: Clothing

Sheet Places
A1: Placename | B1: ID | C1: Geonames ID | D1: Geo Type
A2: Ain Difla | B2: AinDifla | D2: geo
A3: Ain Draham | B3: AinDraham | C3: 2472913 | D3: geo
A4: Ain Ksiba | B4: AinKsiba | D4: geo
A5: Ain Soltane | B5: AinSoltane | D5: geo
A6: Akouda | B6: Akouda | C6: 2473913 | D6: geo
A7: Amaymiya | B7: Amaymiya | D7: geo
A8: Amdoun | B8: Amdoun | D8: geo
A9: Babouch | B9: Babouch | C9: 2472809 | D9: geo
A10: Balta | B10: Balta | C10: 2472746 | D10: geo
A11: Baten Ghazel | B11: BatenGhazel | D11: geo
A12: Beja | B12: Beja | C12: 2472774 | D12: geo
A13: Bir Saad | B13: BirSaad | D13: geo
A14: Bou Ajila | B14: BouAjila | D14: geo
A15: Bou Arada | B15: BouArada | C15: 2472261 | D15: geo
A16: Bou Omrane | B16: BouOmrane | D16: geo
A17: Bou Saad | B17: BouSaad | D17: geo
A18: Bou Saada | B18: BouSaada | D18: geo
A19: Dahmani | B19: Dahmani | C19: 2471788 | D19: geo
A20: Dakhlet Ajej | B20: DakhletAjej | D20: geo
A21: Dir | B21: Dir | D21: geo
A22: Douara | B22: Douara | D22: geo
A23: Dougga | B23: Dougga | C23: 11049539 | D23: geo
A24: Drija | B24: Drija | D24: geo
A25: El Arish | B25: ElArish | D25: geo
A26: Fajj et-Tin | B26: Fajjet-Tin | D26: geo
A27: Farsh el-Shih | B27: Farshel-Shih | D27: geo
A28: Feriana | B28: Feriana | C28: 2471059 | D28: geo
A29: Frikhat | B29: Frikhat | D29: geo
A30: Gafsa | B30: Gafsa | C30: 2468353 | D30: geo
A31: Garaat Toufiya | B31: GaraatToufiya | D31: geo
A32: Gargara | B32: Gargara | D32: geo
A33: Garia | B33: Garia | D33: geo
A34: Gboullat | B34: Gboullat | D34: geo
A35: Ghar | B35: Ghar | D35: geo
A36: Gobrar | B36: Gobrar | D36: geo
A37: Gouira | B37: Gouira | D37: geo
A38: Guettar | B38: Guettar | D38: geo
A39: Gulla | B39: Gulla | D39: geo
A40: Haidra | B40: Haidra | C40: 2470789 | D40: geo
A41: Hammam Bourguiba | B41: HammamBourguiba | C41: 11979341 | D41: geo
A42: Hassi Frid | B42: HassiFrid | D42: geo
A43: Hbabsa | B43: Hbabsa | D43: geo
A44: Hbeba | B44: Hbeba | D44: geo
A45: Heri | B45: Heri | D45: geo
A46: Houaidia | B46: Houaidia | D46: geo
A47: Hsinette | B47: Hsinette | D47: geo
A48: Jabbes | B48: Jabbes | D48: geo
A49: Jabbes Testour | B49: JabbesTestour | D49: geo
A50: Jendouba | B50: Jendouba | C50: 2470088 | D50: geo
A51: Jwa Ammar | B51: JwaAmmar | D51: geo
A52: Kabbara | B52: Kabbara | D52: geo
A53: Kalaat Senan | B53: KalaatSenan | D53: geo
A54: Kasserine | B54: Kasserine | C54: 2473457 | D54: geo
A55: Kef | B55: Kef | D55: geo
A56: Krib | B56: Krib | D56: geo
A57: Ksar | B57: Ksar | D57: geo
A58: Ksar Mezouar | B58: KsarMezouar | C58: 2468093 | D58: geo
A59: Lakhouet | B59: Lakhouet | D59: geo
A60: Lela | B60: Lela | D60: geo
A61: Maagoula | B61: Maagoula | C61: 11778224 | D61: geo
A62: Magsam Trab | B62: MagsamTrab | D62: geo
A63: Mahjouba | B63: Mahjouba | C63: 2469413 | D63: geo
A64: Majel Bel Abbes | B64: MajelBelAbbes | D64: geo
A65: Marja Mgaddeb | B65: MarjaMgaddeb | D65: geo
A66: Maskhiya | B66: Maskhiya | D66: geo
A67: Mdayna | B67: Mdayna | D67: geo
A68: Medjez | B68: Medjez | D68: geo
A69: Medjez el-Bab | B69: Medjezel-Bab | C69: 2469386 | D69: geo
A70: Meknassi | B70: Meknassi | D70: geo
A71: Mellita | B71: Mellita | D71: geo
A72: Meloussi | B72: Meloussi | D72: geo
A73: Metlaoui | B73: Metlaoui | C73: 2473517 | D73: geo
A74: Moulares | B74: Moulares | C74: 2464378 | D74: geo
A75: Murra | B75: Murra | D75: geo
A76: Nadhour | B76: Nadhour | D76: geo
A77: Nefza | B77: Nefza | D77: geo
A78: Ouled Ali | B78: OuledAli | D78: geo
A79: Ouled Aridh | B79: OuledAridh | D79: geo
A80: Ouled Bou Ali | B80: OuledBouAli | D80: geo
A81: Ouled Said | B81: OuledSaid | D81: geo
A82: Ouled Slema | B82: OuledSlema | D82: geo
A83: Redeyef | B83: Redeyef | C83: 2473257 | D83: geo
A84: Regueb | B84: Regueb | D84: geo
A85: Rmela | B85: Rmela | D85: geo
A86: Rouhia | B86: Rouhia | D86: geo
A87: Sakiet Sidi Youssef | B87: SakietSidiYoussef | C87: 2467239 | D87: geo
A88: Sammena | B88: Sammena | D88: geo
A89: Santaj | B89: Santaj | D89: geo
A90: Sbeitla | B90: Sbeitla | C90: 2464979 | D90: geo
A91: Sbiat | B91: Sbiat | D91: geo
A92: Sbiba | B92: Sbiba | C92: 2467506 | D92: geo
A93: Sers | B93: Sers | D93: geo
A94: Shikh el-Widyan | B94: Shikhel-Widyan | D94: geo
A95: Shlihat | B95: Shlihat | D95: geo
A96: Shmeysiya | B96: Shmeysiya | D96: geo
A97: Sidi Ali Ben Aoun | B97: SidiAliBenAoun | D97: geo
A98: Sidi Bouzid | B98: SidiBouzid | C98: 2465840 | D98: geo
A99: Sidi Hmada | B99: SidiHmada | D99: geo
A100: Sidi Shil | B100: SidiShil | D100: geo
...

Sheet Age Groups
A1: Age Group | B1: Description | C1: At Least | D1: At Most
A2: 10s | B2: participants up to including 19 at the time of recording | D2: 19
A3: 20s | B3: participants age 20 to (including) 29 at the time of recording | C3: 20 | D3: 29
A4: 30s | B4: participants age 30 to (including) 39 at the time of recording | C4: 30 | D4: 39
A5: 40s | B5: participants age 40 to (including) 49 at the time of recording | C5: 40 | D5: 49
A6: 50s | B6: participants age 50 to (including) 59 at the time of recording | C6: 50 | D6: 59
A7: 60s | B7: participants age 60 to (including) 69 at the time of recording | C7: 60 | D7: 69
A8: 70s+ | B8: participants age 70 and older | C8: 70
